{
  "mae": 0.2337922421000103,
  "mse": 0.1445322626114682,
  "mre": 0.27116524225357924,
  "inference_time": 0.016092300415039062
}