{
  "mae": 0.7126052326468947,
  "mse": 1.0555874965783352,
  "mre": 0.9469745435792976,
  "inference_time": 0.2769458293914795
}