{
  "mae": 0.25109335830226,
  "mse": 0.5250211201846766,
  "mre": 0.3123522152561235,
  "inference_time": 10.822191953659058
}