{
  "mae": 0.18064823935599003,
  "mse": 0.2999507765534359,
  "mre": 0.2400617848077316,
  "inference_time": 2.5736167430877686
}