{
  "mae": 0.3727788620596354,
  "mse": 0.2580633744912639,
  "mre": 0.43236965234361036,
  "inference_time": 0.021688222885131836
}