{
  "mae": 0.5792842461488265,
  "mse": 0.7023948997969252,
  "mre": 0.8200082838785868,
  "inference_time": 2.3492836952209473
}