{
  "mae": 0.11079060076869018,
  "mse": 0.22450450425997284,
  "mre": 0.14722861100262755,
  "inference_time": 0.5757546424865723
}