{
  "mae": 0.5644597538389343,
  "mse": 0.6685160766163157,
  "mre": 0.7990234105988069,
  "inference_time": 20.425423860549927
}