{
  "mae": 0.44722138870271755,
  "mse": 0.4556486896443646,
  "mre": 0.6330661430928968,
  "inference_time": 5.365720987319946
}