{
  "mae": 0.21261886539720284,
  "mse": 0.10418717626811355,
  "mre": 0.24660718262178438,
  "inference_time": 0.03603839874267578
}