{
  "mae": 0.13183006245822187,
  "mse": 0.0689615918892688,
  "mre": 0.16820178963742174,
  "inference_time": 0.19514846801757812
}