{
  "mae": 0.20974299412177824,
  "mse": 0.3837368771415434,
  "mre": 0.2609136668980538,
  "inference_time": 4.115573883056641
}