{
  "mae": 0.6944467863990201,
  "mse": 0.904108634571271,
  "mre": 0.9830271086187273,
  "inference_time": 2.0642940998077393
}