{
  "mae": 0.437366205983393,
  "mse": 0.4491622965011414,
  "mre": 0.6191155971861003,
  "inference_time": 6.286616086959839
}