{
  "mae": 0.45254125418260593,
  "mse": 0.4698347692641071,
  "mre": 0.6405967013492792,
  "inference_time": 0.7110395431518555
}