{
  "mae": 0.5039929017900201,
  "mse": 0.5675639007453219,
  "mre": 0.7134293004364672,
  "inference_time": 0.8646855354309082
}