{
  "mae": 0.3005660700629924,
  "mse": 0.18245922011094975,
  "mre": 0.34861324084044115,
  "inference_time": 3.7450761795043945
}