{
  "mae": 0.48986983438826365,
  "mse": 0.5264731180448724,
  "mre": 0.6934373321752751,
  "inference_time": 0.4040415287017822
}