{
  "mae": 0.2222227064355039,
  "mse": 0.21555522768029028,
  "mre": 0.3145682993357573,
  "inference_time": 1.0791523456573486
}