{
  "mae": 0.7260400067080698,
  "mse": 1.3513974554999875,
  "mre": 0.9031708604050132,
  "inference_time": 2.276808977127075
}