{
  "mae": 0.6866016540273614,
  "mse": 1.3402394828172635,
  "mre": 0.8541107940250706,
  "inference_time": 2.687598943710327
}