{
  "mae": 0.22050997979561118,
  "mse": 0.21218932552517789,
  "mre": 0.3121438418400312,
  "inference_time": 0.5087366104125977
}