{
  "mae": 0.4453681430001813,
  "mse": 0.4873216487420933,
  "mre": 0.5165627366583417,
  "inference_time": 0.005782604217529297
}