{
  "mae": 0.380117788991212,
  "mse": 0.28502673699320813,
  "mre": 0.440881747875125,
  "inference_time": 0.017728567123413086
}