{
  "mae": 0.4716862568025497,
  "mse": 0.9746329457559648,
  "mre": 0.5867628208659754,
  "inference_time": 25.354603052139282
}