{
  "mae": 0.1453321437290094,
  "mse": 0.23720873077287516,
  "mre": 0.19313054994556147,
  "inference_time": 0.7563512325286865
}