{
  "mae": 0.14511429405438261,
  "mse": 0.3157854140028596,
  "mre": 0.18051760317232954,
  "inference_time": 12.414165735244751
}