{
  "mae": 0.23803826912253556,
  "mse": 0.23071652024639525,
  "mre": 0.336956086512409,
  "inference_time": 0.44424867630004883
}