{
  "mae": 0.2213465184347715,
  "mse": 0.21485932901749075,
  "mre": 0.3133280076765034,
  "inference_time": 0.5673677921295166
}