{
  "mae": 0.6912061408690032,
  "mse": 0.9422420050884623,
  "mre": 0.9784397990252169,
  "inference_time": 0.21510887145996094
}