{
  "mae": 0.17163579585590774,
  "mse": 0.07498418933768726,
  "mre": 0.1990727397307896,
  "inference_time": 0.01479649543762207
}