{
  "mae": 0.11415571775015003,
  "mse": 0.19617747797632207,
  "mre": 0.15170048402799433,
  "inference_time": 3.399953842163086
}