{
  "mae": 0.17158263375382354,
  "mse": 0.07636765709856838,
  "mre": 0.19901107936874815,
  "inference_time": 0.035201311111450195
}