{
  "mae": 0.6747584111558997,
  "mse": 0.9483999523667562,
  "mre": 0.7826223247624252,
  "inference_time": 0.9368679523468018
}