{
  "mae": 0.34163650265871254,
  "mse": 0.2258824554531962,
  "mre": 0.3962490122597241,
  "inference_time": 0.6998701095581055
}