{
  "mae": 0.18061094860734386,
  "mse": 0.09068218625067484,
  "mre": 0.23044125306012841,
  "inference_time": 0.023523569107055664
}