{
  "mae": 0.4691561651988385,
  "mse": 0.5117932466220946,
  "mre": 0.6641160094606134,
  "inference_time": 0.20318961143493652
}