{
  "mae": 0.41388028181766645,
  "mse": 0.7224252172249377,
  "mre": 0.5148540118729746,
  "inference_time": 0.36222290992736816
}