{
  "mae": 0.15855754748400142,
  "mse": 0.29711720304980976,
  "mre": 0.1972405862786219,
  "inference_time": 34.903122663497925
}