{
  "mae": 0.4987121246482672,
  "mse": 0.5895446531764714,
  "mre": 0.7059540738437496,
  "inference_time": 0.4820592403411865
}