{
  "mae": 0.5026643718704061,
  "mse": 0.7721834193253859,
  "mre": 0.6587974691880084,
  "inference_time": 0.039560794830322266
}