{
  "mae": 0.14982903126285474,
  "mse": 0.07679816951775244,
  "mre": 0.191166648396605,
  "inference_time": 0.07016539573669434
}