{
  "mae": 0.1229684155745449,
  "mse": 0.06533454446231615,
  "mre": 0.15689522695228522,
  "inference_time": 0.0620114803314209
}