{
  "mae": 0.20413583357703868,
  "mse": 0.1246617457249781,
  "mre": 0.2604566204136191,
  "inference_time": 0.024454116821289062
}