{
  "mae": 0.3457983183766471,
  "mse": 0.5543387118616311,
  "mre": 0.4301621974674742,
  "inference_time": 0.38216400146484375
}