{
  "mae": 0.2971408738961794,
  "mse": 0.28425094763105974,
  "mre": 0.42061903062903316,
  "inference_time": 0.5929751396179199
}