{
  "mae": 0.0765775808236737,
  "mse": 0.15763875591553225,
  "mre": 0.10176324327502984,
  "inference_time": 0.8288354873657227
}