{
  "mae": 0.1686487860858121,
  "mse": 0.11053670163705775,
  "mre": 0.21517874687195926,
  "inference_time": 0.04640698432922363
}