{
  "mae": 0.21991997211040673,
  "mse": 0.2187779723856388,
  "mre": 0.311308653946288,
  "inference_time": 0.47968626022338867
}