{
  "mae": 0.1981503436398278,
  "mse": 0.10273731916784395,
  "mre": 0.2298257865748126,
  "inference_time": 0.02518749237060547
}