{
  "mae": 0.2642048377310373,
  "mse": 0.15339562547795255,
  "mre": 0.30643946173909925,
  "inference_time": 0.041085004806518555
}