{
  "mae": 0.690758008255556,
  "mse": 0.9477414871929534,
  "mre": 0.9778054429940529,
  "inference_time": 0.902639627456665
}