{
  "mae": 0.5382148298636945,
  "mse": 0.7846002326440558,
  "mre": 0.6061694232032077,
  "inference_time": 0.014458417892456055
}