{
  "mae": 0.19155739491928264,
  "mse": 0.0911406268227006,
  "mre": 0.2221789180520868,
  "inference_time": 0.01431584358215332
}