{
  "mae": 0.41166219393543024,
  "mse": 0.5294808592143149,
  "mre": 0.5252392091367647,
  "inference_time": 0.0137786865234375
}