{
  "mae": 0.7054581303550814,
  "mse": 0.9257470726370736,
  "mre": 0.9986142634924109,
  "inference_time": 0.1792752742767334
}