{
  "mae": 0.47622354248873705,
  "mse": 0.5255064822210672,
  "mre": 0.674120265508556,
  "inference_time": 0.14395713806152344
}