{
  "mae": 0.35601828323014034,
  "mse": 0.6493795429064524,
  "mre": 0.44287551128593694,
  "inference_time": 3.693700075149536
}