{
  "mae": 0.16327828028158148,
  "mse": 0.3005016732776322,
  "mre": 0.20311302893073446,
  "inference_time": 15.31717300415039
}