{
  "mae": 0.2498197726415157,
  "mse": 0.23681373700238292,
  "mre": 0.3536334440382451,
  "inference_time": 0.27192068099975586
}