{
  "mae": 0.44968126846967943,
  "mse": 0.4943787002032529,
  "mre": 0.6365482363824421,
  "inference_time": 0.47193193435668945
}