{
  "mae": 0.7949233814209684,
  "mse": 1.6497347293102111,
  "mre": 1.0142416144421595,
  "inference_time": 0.041220664978027344
}