{
  "mae": 0.1666828151769293,
  "mse": 0.31924529588729184,
  "mre": 0.2073481629210113,
  "inference_time": 39.670552492141724
}