{
  "mae": 0.220255717972285,
  "mse": 0.1706473422315276,
  "mre": 0.28102395804108965,
  "inference_time": 0.07659196853637695
}