{
  "mae": 0.6141633358500102,
  "mse": 0.8296340948711631,
  "mre": 0.7123407870727932,
  "inference_time": 0.6686456203460693
}