{
  "mae": 0.4586469222281987,
  "mse": 0.437551440662588,
  "mre": 0.5319642031649028,
  "inference_time": 0.5507164001464844
}