{
  "mae": 0.1688751661270817,
  "mse": 0.2948260911242473,
  "mre": 0.2100753783301686,
  "inference_time": 7.642237663269043
}