{
  "mae": 0.09368572786297587,
  "mse": 0.20883015631692323,
  "mre": 0.11654208949906526,
  "inference_time": 10.663753509521484
}