{
  "mae": 0.16488944478912096,
  "mse": 0.3094734706466831,
  "mre": 0.2051172667428163,
  "inference_time": 17.845290660858154
}