{
  "mae": 0.17165117294015772,
  "mse": 0.2713626632528979,
  "mre": 0.22810566594646695,
  "inference_time": 0.3795802593231201
}