{
  "mae": 0.5568292374666707,
  "mse": 0.738526666140723,
  "mre": 0.7882220006223999,
  "inference_time": 0.08838605880737305
}