{
  "mae": 0.4642492158576716,
  "mse": 0.480716204751131,
  "mre": 0.5923349157918871,
  "inference_time": 0.06117105484008789
}