{
  "mae": 0.10070179910483981,
  "mse": 0.19005389040012424,
  "mre": 0.13382169520522305,
  "inference_time": 2.05029296875
}