{
  "mae": 0.46457424345771964,
  "mse": 0.5153001542409786,
  "mre": 0.5388390399117537,
  "inference_time": 0.0072519779205322266
}