{
  "mae": 0.3433143681628572,
  "mse": 0.33063816210214403,
  "mre": 0.4380343152119307,
  "inference_time": 0.292191743850708
}