{
  "mae": 0.3288069065585149,
  "mse": 0.3030691017392533,
  "mre": 0.4195242655355158,
  "inference_time": 0.22442841529846191
}