{
  "mae": 0.5017134904960336,
  "mse": 0.4288651582266174,
  "mre": 0.5819152037305338,
  "inference_time": 0.017347335815429688
}