{
  "mae": 0.5753684623169409,
  "mse": 0.8401985421075351,
  "mre": 0.764601860933138,
  "inference_time": 5.521252870559692
}