{
  "mae": 0.3693907007186795,
  "mse": 0.37568683819377235,
  "mre": 0.5228925809579376,
  "inference_time": 0.34580039978027344
}