{
  "mae": 0.2924881575404374,
  "mse": 0.5808012895713134,
  "mre": 0.36384603942395627,
  "inference_time": 1.180457353591919
}