{
  "mae": 0.45925241750437046,
  "mse": 0.7018466511659294,
  "mre": 0.5859595078628427,
  "inference_time": 0.013931035995483398
}