{
  "mae": 0.4292455114194654,
  "mse": 0.7606644138469678,
  "mre": 0.533967872695464,
  "inference_time": 2.686875343322754
}