{
  "mae": 0.8316759246357835,
  "mse": 1.2041234349077141,
  "mre": 0.9646239821929569,
  "inference_time": 0.05658531188964844
}