{
  "mae": 0.09662182352697325,
  "mse": 0.16536248591853278,
  "mre": 0.12839985316188884,
  "inference_time": 1.6284418106079102
}