{
  "mae": 0.8319232898305735,
  "mse": 1.7414810889937262,
  "mre": 1.0614497450829878,
  "inference_time": 0.08131980895996094
}