{
  "mae": 0.7809693035594917,
  "mse": 1.54721404514603,
  "mre": 0.9964376262980735,
  "inference_time": 0.07697176933288574
}