{
  "mae": 0.33690018972288455,
  "mse": 0.23158236946223032,
  "mre": 0.39075557315714193,
  "inference_time": 0.03766322135925293
}