{
  "mae": 0.31703553739695656,
  "mse": 0.20644753011911543,
  "mre": 0.36771544482842194,
  "inference_time": 0.03228116035461426
}