{
  "mae": 0.17281586190824116,
  "mse": 0.3538230535968481,
  "mre": 0.21497747954550184,
  "inference_time": 51.79703164100647
}