{
  "mae": 0.3544922121041294,
  "mse": 0.7171458107631453,
  "mre": 0.44097712695561897,
  "inference_time": 1.001154899597168
}