{
  "mae": 0.963833062493519,
  "mse": 1.5963898780977803,
  "mre": 1.1179071791922934,
  "inference_time": 1.8738880157470703
}