{
  "mae": 0.921056303627903,
  "mse": 1.411784022935244,
  "mre": 1.0682923156860198,
  "inference_time": 2.4512791633605957
}