{
  "mae": 0.7835232896698886,
  "mse": 1.5926868685083293,
  "mre": 0.9996962535524907,
  "inference_time": 0.04774618148803711
}