{
  "mae": 0.5542433010329532,
  "mse": 0.7293648310876815,
  "mre": 0.7845614672809028,
  "inference_time": 0.06421399116516113
}