{
  "mae": 0.10580027559469479,
  "mse": 0.05505655430707847,
  "mre": 0.13499042151178337,
  "inference_time": 0.048040151596069336
}