{
  "mae": 0.22665527253102835,
  "mse": 0.21853041154787176,
  "mre": 0.3208428371664229,
  "inference_time": 0.8198394775390625
}