{
  "mae": 0.46403971161068847,
  "mse": 0.5179333768706077,
  "mre": 0.6568733917746399,
  "inference_time": 0.39303135871887207
}