{
  "mae": 0.33667724997499554,
  "mse": 0.5226821427913416,
  "mre": 0.4474073028405425,
  "inference_time": 1.6149888038635254
}