{
  "mae": 0.22530782524601442,
  "mse": 0.2166056914550319,
  "mre": 0.31893545241852617,
  "inference_time": 0.45384740829467773
}