{
  "mae": 0.7517225923777506,
  "mse": 1.475914337271184,
  "mre": 0.959121788999304,
  "inference_time": 0.055617332458496094
}