{
  "mae": 0.7355201884810966,
  "mse": 1.1671868255372013,
  "mre": 0.9774260177589513,
  "inference_time": 0.7215631008148193
}