{
  "mae": 0.14794798854353003,
  "mse": 0.27983831347156785,
  "mre": 0.18404262970839103,
  "inference_time": 15.838003873825073
}