{
  "mae": 0.2694162347590368,
  "mse": 0.19865200932454485,
  "mre": 0.3437477916556922,
  "inference_time": 0.04330635070800781
}