{
  "mae": 0.23731426503232658,
  "mse": 0.22714049941597575,
  "mre": 0.33593121943639187,
  "inference_time": 0.22743821144104004
}