{
  "mae": 0.3013889434573957,
  "mse": 0.1816521181401648,
  "mre": 0.34956765515861143,
  "inference_time": 3.7020273208618164
}