{
  "mae": 0.11575874926302601,
  "mse": 0.20716410683359127,
  "mre": 0.1538307378707993,
  "inference_time": 0.39709997177124023
}