{
  "mae": 0.1083486444613773,
  "mse": 0.19244806883205415,
  "mre": 0.14398351771167767,
  "inference_time": 3.3287863731384277
}