{
  "mae": 0.239462484895619,
  "mse": 0.16563929593499324,
  "mre": 0.3055298447061849,
  "inference_time": 0.033850669860839844
}