{
  "mae": 0.3649969353068444,
  "mse": 0.5207634195066485,
  "mre": 0.4850410723707272,
  "inference_time": 9.95237684249878
}