{
  "mae": 0.22938703916095513,
  "mse": 0.3416970010422918,
  "mre": 0.30483032787395925,
  "inference_time": 1.9770128726959229
}