{
  "mae": 0.4848516362181147,
  "mse": 0.46719402121785547,
  "mre": 0.5623578875465328,
  "inference_time": 0.029392480850219727
}