{
  "mae": 0.28701413889140903,
  "mse": 0.17100606544143374,
  "mre": 0.3328949575212956,
  "inference_time": 0.032586097717285156
}