{
  "mae": 0.15738447307804782,
  "mse": 0.10156699415589003,
  "mre": 0.2008066258882308,
  "inference_time": 0.02899479866027832
}