{
  "mae": 0.18347494359959887,
  "mse": 0.12514319786658648,
  "mre": 0.23409542020703825,
  "inference_time": 0.03805208206176758
}