{
  "mae": 0.4826582454228651,
  "mse": 0.5644036712490657,
  "mre": 0.6414001058712181,
  "inference_time": 0.5792691707611084
}