{
  "mae": 0.22090017919172533,
  "mse": 0.12047355079097102,
  "mre": 0.256212310837754,
  "inference_time": 0.040400028228759766
}