{
  "mae": 0.08699092658357285,
  "mse": 0.17229000025004473,
  "mre": 0.11560144273854717,
  "inference_time": 0.7974612712860107
}