{
  "mae": 0.31959648243078587,
  "mse": 0.20075586889354774,
  "mre": 0.3706857712783448,
  "inference_time": 3.9618754386901855
}