{
  "mae": 0.11727616718254845,
  "mse": 0.2003942070554731,
  "mre": 0.155847220596335,
  "inference_time": 0.4465606212615967
}