{
  "mae": 0.32602413498677923,
  "mse": 0.25231384252028455,
  "mre": 0.3781409201182374,
  "inference_time": 0.006904125213623047
}