{
  "mae": 0.11513872671622817,
  "mse": 0.20526652220002528,
  "mre": 0.1530067956074484,
  "inference_time": 1.0878863334655762
}