{
  "mae": 0.3181322050732534,
  "mse": 0.4452171343944471,
  "mre": 0.3957464254364218,
  "inference_time": 0.3426511287689209
}