{
  "mae": 0.731130751687144,
  "mse": 1.169319197251087,
  "mre": 0.9715929355500489,
  "inference_time": 2.3379030227661133
}