{
  "mae": 0.6367819603244791,
  "mse": 0.8853744716159734,
  "mre": 0.8462136939381787,
  "inference_time": 0.12554478645324707
}