{
  "mae": 1.333813271190634,
  "mse": 2.8591603234262974,
  "mre": 1.7724921960145597,
  "inference_time": 11.689933776855469
}