{
  "mae": 0.317182517951576,
  "mse": 0.24200150858856534,
  "mre": 0.367885921048428,
  "inference_time": 0.007221698760986328
}