{
  "mae": 0.7465021293397748,
  "mse": 1.3741648374316595,
  "mre": 0.9286250953400594,
  "inference_time": 4.251197576522827
}