{
  "mae": 0.688519103039732,
  "mse": 1.3249742936056033,
  "mre": 0.8564960400973051,
  "inference_time": 6.602336168289185
}