{
  "mae": 0.2516228232946948,
  "mse": 0.3196585178400345,
  "mre": 0.3343792570236416,
  "inference_time": 0.31075429916381836
}