{
  "mae": 0.21235762976833253,
  "mse": 0.20238860482682683,
  "mre": 0.3006037480089125,
  "inference_time": 0.2657358646392822
}