{
  "mae": 0.27723684432525186,
  "mse": 0.20551659392996702,
  "mre": 0.3537260963046017,
  "inference_time": 0.11291718482971191
}