{
  "mae": 0.09102679476195741,
  "mse": 0.06490946694079466,
  "mre": 0.12096467086413365,
  "inference_time": 0.5255987644195557
}