{
  "mae": 0.470774015994219,
  "mse": 0.5146218012528003,
  "mre": 0.6664061650502249,
  "inference_time": 0.1409595012664795
}