{
  "mae": 0.4631150103421925,
  "mse": 0.5095980349451317,
  "mre": 0.6555644269524118,
  "inference_time": 0.36405134201049805
}