{
  "mae": 0.22649409215833077,
  "mse": 0.21869078899275696,
  "mre": 0.3206146776028074,
  "inference_time": 0.35765504837036133
}