{
  "mae": 0.3454784336360056,
  "mse": 0.3370634169099227,
  "mre": 0.4890434693612238,
  "inference_time": 0.9420948028564453
}