{
  "mae": 0.18790272909248373,
  "mse": 0.14407575851308613,
  "mre": 0.2397448254348471,
  "inference_time": 0.05054974555969238
}