{
  "mae": 0.30815472871567756,
  "mse": 0.2693925086287792,
  "mre": 0.3931741811291127,
  "inference_time": 0.13679146766662598
}