{
  "mae": 0.2453358947176444,
  "mse": 0.2470525869466011,
  "mre": 0.31302371996435496,
  "inference_time": 0.026686429977416992
}