{
  "mae": 0.31214943390968464,
  "mse": 0.24129526272002014,
  "mre": 0.3620482703152687,
  "inference_time": 0.008977174758911133
}