{
  "mae": 0.159541316370606,
  "mse": 0.06894392395652411,
  "mre": 0.18504488991804918,
  "inference_time": 0.015323638916015625
}