{
  "mae": 0.11542262119403643,
  "mse": 0.27421890254560227,
  "mre": 0.14358209896267568,
  "inference_time": 24.22800326347351
}