{
  "mae": 0.7869135402740639,
  "mse": 1.6141047601295757,
  "mre": 1.0040218694879481,
  "inference_time": 0.04159998893737793
}