{
  "mae": 0.8022043036362148,
  "mse": 1.507121812879494,
  "mre": 0.9979168426555405,
  "inference_time": 35.39855432510376
}