{
  "mae": 0.1864326009325353,
  "mse": 0.305211360190771,
  "mre": 0.24774856973842946,
  "inference_time": 3.074348211288452
}