{
  "mae": 0.8605758530199076,
  "mse": 1.2093690789368723,
  "mre": 1.2181918170115509,
  "inference_time": 4.633519887924194
}