{
  "mae": 0.9123257522160291,
  "mse": 1.3195670661945849,
  "mre": 1.2914466074064537,
  "inference_time": 4.5074543952941895
}