{
  "mae": 0.49587915814112093,
  "mse": 0.6610304817320808,
  "mre": 0.5584884819041879,
  "inference_time": 0.04175376892089844
}