{
  "mae": 0.12822843319842644,
  "mse": 0.049997014061932916,
  "mre": 0.14872646688239566,
  "inference_time": 0.04285907745361328
}