{
  "mae": 0.14875045895625508,
  "mse": 0.09335821756655566,
  "mre": 0.18979049952099541,
  "inference_time": 0.048543691635131836
}