{
  "mae": 0.501246633533168,
  "mse": 0.721088447276392,
  "mre": 0.6569393656883156,
  "inference_time": 0.0833587646484375
}