{
  "mae": 0.4711699821281467,
  "mse": 0.5076247847784718,
  "mre": 0.6669666765989416,
  "inference_time": 0.23498153686523438
}