{
  "mae": 0.4680574566847243,
  "mse": 0.5096669229107049,
  "mre": 0.6625607279401315,
  "inference_time": 0.20798850059509277
}