{
  "mae": 0.5481255116047082,
  "mse": 0.9082941157891412,
  "mre": 0.7283989541418917,
  "inference_time": 2.4038829803466797
}