{
  "mae": 0.8999043689729362,
  "mse": 1.3624246819589896,
  "mre": 1.0437591257335816,
  "inference_time": 2.455829620361328
}