{
  "mae": 0.8021247338817364,
  "mse": 1.5169608073933638,
  "mre": 0.9978178603915462,
  "inference_time": 3.80053973197937
}