{
  "mae": 0.34473502632051345,
  "mse": 0.5962422998916631,
  "mre": 0.42883949569852586,
  "inference_time": 0.15439248085021973
}