{
  "mae": 0.27375422500867685,
  "mse": 0.21279828139461635,
  "mre": 0.34928262726005505,
  "inference_time": 0.03460502624511719
}