{
  "mae": 0.7890575288108028,
  "mse": 1.630517417440096,
  "mre": 1.0067573814198787,
  "inference_time": 0.027596473693847656
}