{
  "mae": 0.1043025019643937,
  "mse": 0.2558734239578872,
  "mre": 0.12974902150186152,
  "inference_time": 11.706712245941162
}