{
  "mae": 0.5549127919350264,
  "mse": 0.728887603525157,
  "mre": 0.7855091679810878,
  "inference_time": 0.08359885215759277
}