{
  "mae": 0.27560322928214204,
  "mse": 0.41909360158789144,
  "mre": 0.3428417214221615,
  "inference_time": 0.546959400177002
}