{
  "mae": 0.3624450540582248,
  "mse": 0.5915629881459273,
  "mre": 0.45087021141926,
  "inference_time": 0.5355219841003418
}