{
  "mae": 0.8020502325779144,
  "mse": 1.5117578213574865,
  "mre": 0.997725183120249,
  "inference_time": 5.046154022216797
}