{
  "mae": 0.5473872664105531,
  "mse": 0.7085956033291879,
  "mre": 0.7748563782468019,
  "inference_time": 0.1264965534210205
}