{
  "mae": 0.8023157111341362,
  "mse": 1.5210666460910534,
  "mre": 0.9980554300678368,
  "inference_time": 27.64518117904663
}