{
  "mae": 0.1176910234923618,
  "mse": 0.18436119818809682,
  "mre": 0.15639851933319276,
  "inference_time": 0.22319340705871582
}