{
  "mae": 0.3209413815474541,
  "mse": 0.5108804381030965,
  "mre": 0.39924095233547946,
  "inference_time": 0.5460655689239502
}