{
  "mae": 0.38433480669421277,
  "mse": 0.6240054518814089,
  "mre": 0.478100373035199,
  "inference_time": 0.5692462921142578
}