{
  "mae": 0.22932851574068402,
  "mse": 0.22319076582252756,
  "mre": 0.324626957986751,
  "inference_time": 0.7046520709991455
}