{
  "mae": 0.218738259664299,
  "mse": 0.21480269362603913,
  "mre": 0.30963587585606206,
  "inference_time": 0.4911632537841797
}