{
  "mae": 0.22061521444565518,
  "mse": 0.41384396612267266,
  "mre": 0.2744383659417762,
  "inference_time": 33.18586349487305
}