{
  "mae": 0.2882419334886805,
  "mse": 0.27945744063921746,
  "mre": 0.4080220976027962,
  "inference_time": 0.43426036834716797
}