{
  "mae": 0.5812252843240158,
  "mse": 0.7107511254845187,
  "mre": 0.8227559287412971,
  "inference_time": 0.144273042678833
}