{
  "mae": 0.7644287008946933,
  "mse": 1.503434941092914,
  "mre": 0.9753334948274365,
  "inference_time": 0.03257417678833008
}