{
  "mae": 0.13649962087826623,
  "mse": 0.04935675565259972,
  "mre": 0.1583198502675002,
  "inference_time": 0.06390070915222168
}