{
  "mae": 0.2571703814309289,
  "mse": 0.5349633536255071,
  "mre": 0.3199118402865772,
  "inference_time": 10.118482828140259
}