{
  "mae": 0.17888093973208663,
  "mse": 0.36800866281871203,
  "mre": 0.22252224499365217,
  "inference_time": 15.804851531982422
}