{
  "mae": 0.13122499102826235,
  "mse": 0.048415928844197154,
  "mre": 0.15220204127509393,
  "inference_time": 0.03191781044006348
}