{
  "mae": 0.35495853416864026,
  "mse": 0.6166956634533017,
  "mre": 0.4415572168905245,
  "inference_time": 0.2711942195892334
}