{
  "mae": 0.30370626271541407,
  "mse": 0.4848745622433297,
  "mre": 0.3778010083091234,
  "inference_time": 0.2730598449707031
}