{
  "mae": 0.699268435770539,
  "mse": 0.9084707578684165,
  "mre": 0.9898524149392237,
  "inference_time": 0.17263102531433105
}