{
  "mae": 0.16399635115583516,
  "mse": 0.07045744267403953,
  "mre": 0.19021208698127773,
  "inference_time": 0.041263580322265625
}