{
  "mae": 0.09113052426157839,
  "mse": 0.16396238956905446,
  "mre": 0.12110251604272493,
  "inference_time": 0.444624662399292
}