{
  "mae": 0.0860210058971079,
  "mse": 0.18137608341755893,
  "mre": 0.11431252405356694,
  "inference_time": 0.8774042129516602
}