{
  "mae": 0.1574234201393263,
  "mse": 0.2922406892069361,
  "mre": 0.19582976764571572,
  "inference_time": 7.033708810806274
}