{
  "mae": 0.12813808211074612,
  "mse": 0.21357068090474085,
  "mre": 0.1702815195044711,
  "inference_time": 2.301945447921753
}