{
  "mae": 0.19939098255310936,
  "mse": 0.10263515932833882,
  "mre": 0.23126474857135867,
  "inference_time": 0.027348756790161133
}