{
  "mae": 0.3289859270869524,
  "mse": 0.446065471913395,
  "mre": 0.4371863745512961,
  "inference_time": 0.3651750087738037
}