{
  "mae": 0.22010786590895537,
  "mse": 0.22133194729686823,
  "mre": 0.3115746278137349,
  "inference_time": 0.8984017372131348
}