{
  "mae": 0.7962473245963593,
  "mse": 1.5731864499241561,
  "mre": 1.0159308316611044,
  "inference_time": 0.0791172981262207
}