{
  "mae": 0.22487044552608643,
  "mse": 0.22084270805446254,
  "mre": 0.31831631769161817,
  "inference_time": 0.6297767162322998
}