{
  "mae": 0.6642989506058115,
  "mse": 0.8694683400441233,
  "mre": 0.9403512111542361,
  "inference_time": 0.9540970325469971
}