{
  "mae": 0.2166249528844402,
  "mse": 0.20926504439147614,
  "mre": 0.30664437543570405,
  "inference_time": 0.7959229946136475
}