{
  "mae": 0.34795936700592595,
  "mse": 0.3472984750199248,
  "mre": 0.44396086264503615,
  "inference_time": 0.033239126205444336
}