{
  "mae": 0.42630347593582874,
  "mse": 0.518378687316819,
  "mre": 0.5439200000666304,
  "inference_time": 0.02193474769592285
}