{
  "mae": 0.14480936373976042,
  "mse": 0.05520981765297722,
  "mre": 0.16795795209612338,
  "inference_time": 0.039838552474975586
}