{
  "mae": 0.43135174367222834,
  "mse": 0.5346793171212976,
  "mre": 0.5503610777085406,
  "inference_time": 0.02260112762451172
}