{
  "mae": 0.7295750406532803,
  "mse": 1.2400066041495266,
  "mre": 0.9308637591791038,
  "inference_time": 0.05306553840637207
}