{
  "mae": 0.1631304463700839,
  "mse": 0.34441802671732885,
  "mre": 0.2029291282092719,
  "inference_time": 10.0771164894104
}