{
  "mae": 0.4884145551730871,
  "mse": 1.0483763439759644,
  "mre": 0.6075722962293695,
  "inference_time": 19.262681484222412
}