{
  "mae": 0.2945587018969047,
  "mse": 0.17247732661661389,
  "mre": 0.341645561205602,
  "inference_time": 3.7632246017456055
}