{
  "mae": 0.8604777338889462,
  "mse": 1.3094240914039812,
  "mre": 0.9980299220706979,
  "inference_time": 0.05462908744812012
}