{
  "mae": 0.18409352137842963,
  "mse": 0.37147612277499936,
  "mre": 0.22900653209486138,
  "inference_time": 2.18216872215271
}