{
  "mae": 0.21555321090995688,
  "mse": 0.11517621312879117,
  "mre": 0.25001059970985556,
  "inference_time": 0.03673839569091797
}