{
  "mae": 0.3437111992879368,
  "mse": 0.5301180132145826,
  "mre": 0.42756588717368604,
  "inference_time": 0.293302059173584
}