{
  "mae": 0.2941435233664433,
  "mse": 0.40740882989059235,
  "mre": 0.36590526228157483,
  "inference_time": 0.4810948371887207
}