{
  "mae": 0.2208569765444869,
  "mse": 0.17456390633718666,
  "mre": 0.29349480606909,
  "inference_time": 0.03692793846130371
}