{
  "mae": 0.22639709497763258,
  "mse": 0.18178082257815706,
  "mre": 0.2888597322482432,
  "inference_time": 0.02444911003112793
}