{
  "mae": 0.5555064622071049,
  "mse": 0.7318440434668817,
  "mre": 0.7863495404652926,
  "inference_time": 0.06663823127746582
}