{
  "mae": 0.7286483995820304,
  "mse": 1.171225048166514,
  "mre": 0.9682941606547095,
  "inference_time": 2.4512362480163574
}