{
  "mae": 0.48645906817666473,
  "mse": 1.0150224940792623,
  "mre": 0.6051397321051453,
  "inference_time": 37.72119617462158
}