{
  "mae": 0.48472004831070015,
  "mse": 1.0345751004635813,
  "mre": 0.6029764462612618,
  "inference_time": 13.55655026435852
}