{
  "mae": 0.7263627485795452,
  "mse": 1.334472053681612,
  "mre": 0.9267652002801305,
  "inference_time": 0.056581974029541016
}