{
  "mae": 0.2791068972828416,
  "mse": 0.2622989787326926,
  "mre": 0.39509095816284284,
  "inference_time": 0.9360105991363525
}