{
  "mae": 0.28912877542059817,
  "mse": 0.1769701950978263,
  "mre": 0.3353476305508418,
  "inference_time": 0.03766441345214844
}