{
  "mae": 0.42090448785352275,
  "mse": 0.3597473878674563,
  "mre": 0.4881884291335695,
  "inference_time": 0.02345871925354004
}