{
  "mae": 0.4761630012374816,
  "mse": 0.6709562201396545,
  "mre": 0.6240644805776973,
  "inference_time": 0.025341510772705078
}