{
  "mae": 0.1702247158287484,
  "mse": 0.1178371189357517,
  "mre": 0.21718947339489278,
  "inference_time": 0.036072731018066406
}