{
  "mae": 0.09293876313721929,
  "mse": 0.18078827263826158,
  "mre": 0.12350546806369456,
  "inference_time": 1.091526985168457
}