{
  "mae": 0.7171337568301696,
  "mse": 1.1267670102807872,
  "mre": 0.9529924577414147,
  "inference_time": 0.22376489639282227
}