{
  "mae": 0.38898535621268043,
  "mse": 0.6675083083224157,
  "mre": 0.48388550990251133,
  "inference_time": 0.23132109642028809
}