{
  "mae": 0.28400810048670144,
  "mse": 0.16218205518813505,
  "mre": 0.3294083870306999,
  "inference_time": 0.01879739761352539
}