{
  "mae": 0.5457977599961038,
  "mse": 0.7117157544613659,
  "mre": 0.7726063456664375,
  "inference_time": 0.08531737327575684
}