{
  "mae": 0.36759882824551354,
  "mse": 0.3956182833710406,
  "mre": 0.46901882337429157,
  "inference_time": 0.12222409248352051
}