{
  "mae": 0.4908878392307516,
  "mse": 0.6925357480734334,
  "mre": 0.6433630156381265,
  "inference_time": 0.04412722587585449
}