{
  "mae": 0.44241140519882505,
  "mse": 0.5237133306091616,
  "mre": 0.5879164498361598,
  "inference_time": 0.2638516426086426
}