{
  "mae": 0.1780139069293979,
  "mse": 0.31280276799532547,
  "mre": 0.23656104466014366,
  "inference_time": 1.5179741382598877
}