{
  "mae": 0.389891329465433,
  "mse": 0.6236817599550276,
  "mre": 0.48501251204376034,
  "inference_time": 0.31379199028015137
}