{
  "mae": 0.2886171406537376,
  "mse": 0.4284228969571187,
  "mre": 0.35903061655482954,
  "inference_time": 0.47213244438171387
}