{
  "mae": 0.7358867014360464,
  "mse": 1.1338545450238464,
  "mre": 0.9779130734558908,
  "inference_time": 0.12201070785522461
}