{
  "mae": 0.3253162689398848,
  "mse": 0.20844539988836963,
  "mre": 0.3773198977166168,
  "inference_time": 3.7410600185394287
}