{
  "mae": 0.365061446274478,
  "mse": 0.3776975064952699,
  "mre": 0.5167642863756758,
  "inference_time": 0.07684564590454102
}