{
  "mae": 0.22224264759352047,
  "mse": 0.20802598584966817,
  "mre": 0.3145965271269883,
  "inference_time": 0.4717550277709961
}