{
  "mae": 0.47204429609357285,
  "mse": 0.9770557635862034,
  "mre": 0.5872082104471893,
  "inference_time": 13.781631231307983
}