{
  "mae": 0.16949340111484465,
  "mse": 0.07623053051929954,
  "mre": 0.19658787118363458,
  "inference_time": 0.013444900512695312
}