{
  "mae": 0.16323569053359074,
  "mse": 0.3567376833696556,
  "mre": 0.20306004862802135,
  "inference_time": 19.798688650131226
}