{
  "mae": 0.3379916962126037,
  "mse": 0.3368752210068911,
  "mre": 0.47844558628874656,
  "inference_time": 0.37790870666503906
}