{
  "mae": 0.6078341448748552,
  "mse": 0.8632511360935432,
  "mre": 0.684578819753662,
  "inference_time": 0.016663551330566406
}