{
  "mae": 0.15831279082201363,
  "mse": 0.06444728982641407,
  "mre": 0.1836199776754254,
  "inference_time": 0.048399925231933594
}