{
  "mae": 0.15228371912439576,
  "mse": 0.10404323639079208,
  "mre": 0.19429858115620074,
  "inference_time": 0.18175673484802246
}