{
  "mae": 0.10757280582755935,
  "mse": 0.055803488037410635,
  "mre": 0.13725199032086088,
  "inference_time": 0.17994117736816406
}