{
  "mae": 0.5767259243786751,
  "mse": 1.0257323859851617,
  "mre": 0.7558633566608559,
  "inference_time": 0.0753476619720459
}