{
  "mae": 0.14885262007141742,
  "mse": 0.060709424455944086,
  "mre": 0.17264754561222506,
  "inference_time": 0.015124082565307617
}