{
  "mae": 0.3948223251665542,
  "mse": 0.30565823998405733,
  "mre": 0.4579368865674837,
  "inference_time": 0.024533510208129883
}