{
  "mae": 0.3434426724193798,
  "mse": 0.22539500960765751,
  "mre": 0.39834390837904404,
  "inference_time": 0.6499826908111572
}