{
  "mae": 0.4205761739002228,
  "mse": 0.3656160535776777,
  "mre": 0.48780763235484775,
  "inference_time": 0.472820520401001
}