{
  "mae": 0.13843790203147438,
  "mse": 0.25366736850765914,
  "mre": 0.17221238214866805,
  "inference_time": 5.29736590385437
}