{
  "mae": 0.6785167020108982,
  "mse": 0.8908221785383943,
  "mre": 0.9604772097599401,
  "inference_time": 2.6796698570251465
}