{
  "mae": 0.12688087728527736,
  "mse": 0.24088942643025593,
  "mre": 0.1686108315678111,
  "inference_time": 0.7879605293273926
}