{
  "mae": 0.37573844691323605,
  "mse": 0.27807369097690265,
  "mre": 0.43580234342261265,
  "inference_time": 0.02894425392150879
}