{
  "mae": 0.25717319974363834,
  "mse": 0.3318146405146184,
  "mre": 0.3417551012690009,
  "inference_time": 0.30042338371276855
}