{
  "mae": 0.24540184987050315,
  "mse": 0.3602608493098765,
  "mre": 0.32611226262183085,
  "inference_time": 5.401992082595825
}