{
  "mae": 0.26251724815230093,
  "mse": 0.36881250296105617,
  "mre": 0.34885675807814553,
  "inference_time": 4.996638536453247
}