{
  "mae": 0.1336734168055073,
  "mse": 0.2147928362838613,
  "mre": 0.17763737490095752,
  "inference_time": 26.269434928894043
}