{
  "mae": 0.10542609228427718,
  "mse": 0.19867196218665445,
  "mre": 0.14009976498688195,
  "inference_time": 3.1867940425872803
}