{
  "mae": 0.16442987544068846,
  "mse": 0.07559299666769816,
  "mre": 0.19071491255268722,
  "inference_time": 0.017596006393432617
}