{
  "mae": 0.6574335570406389,
  "mse": 1.203557540594845,
  "mre": 0.8178266016823924,
  "inference_time": 10.122120141983032
}