{
  "mae": 0.5060557159526089,
  "mse": 0.8576861725580106,
  "mre": 0.6295173436269991,
  "inference_time": 6.5266642570495605
}