{
  "mae": 0.1840759294259089,
  "mse": 0.38040510895889496,
  "mre": 0.22898464826098508,
  "inference_time": 5.870008707046509
}