{
  "mae": 0.787313746111425,
  "mse": 1.6236144944210196,
  "mre": 1.0045324915479872,
  "inference_time": 0.03882408142089844
}