{
  "mae": 0.6848508705873319,
  "mse": 0.9052548747731465,
  "mre": 0.9694435690881801,
  "inference_time": 2.623654365539551
}