{
  "mae": 0.6880288593497419,
  "mse": 0.9180187146181664,
  "mre": 0.9739421846272255,
  "inference_time": 4.4502644538879395
}