{
  "mae": 0.5849819740306367,
  "mse": 1.120029572195208,
  "mre": 0.7276991184028657,
  "inference_time": 14.940793991088867
}