{
  "mae": 0.43210354033271964,
  "mse": 0.3936021283472883,
  "mre": 0.5011777129149916,
  "inference_time": 0.06074333190917969
}