{
  "mae": 0.16725694098525548,
  "mse": 0.12964076831084811,
  "mre": 0.21340289368304122,
  "inference_time": 0.09631991386413574
}