{
  "mae": 0.14707354879438111,
  "mse": 0.08815829089912841,
  "mre": 0.18765093222481996,
  "inference_time": 0.06308197975158691
}