{
  "mae": 0.5294664544859427,
  "mse": 0.8768082197778849,
  "mre": 0.6939245742390019,
  "inference_time": 0.046051740646362305
}