{
  "mae": 0.33311687737813644,
  "mse": 0.34699211920891593,
  "mre": 0.4250233511888747,
  "inference_time": 0.0739450454711914
}