{
  "mae": 0.3029406207887201,
  "mse": 0.4010862058868429,
  "mre": 0.4025750064133737,
  "inference_time": 16.423664331436157
}