{
  "mae": 0.24394260436736048,
  "mse": 0.35634818368813365,
  "mre": 0.32417308468571626,
  "inference_time": 1.390573501586914
}