{
  "mae": 0.4548758067233084,
  "mse": 0.6359619533890275,
  "mre": 0.6044802784524527,
  "inference_time": 38.42583227157593
}