{
  "mae": 0.45622698334132605,
  "mse": 0.3692830234877254,
  "mre": 0.5291574234847757,
  "inference_time": 0.6957120895385742
}