{
  "mae": 0.36864439474997396,
  "mse": 0.2609649620230194,
  "mre": 0.4275742672634918,
  "inference_time": 0.7130491733551025
}