{
  "mae": 0.3575152124620877,
  "mse": 0.2604230629957745,
  "mre": 0.41466602281503845,
  "inference_time": 0.029497146606445312
}