{
  "mae": 0.3603685490573801,
  "mse": 0.2417040792850476,
  "mre": 0.41797548125618933,
  "inference_time": 0.033101558685302734
}