{
  "mae": 0.8742208967363124,
  "mse": 1.3034147486455303,
  "mre": 1.0139700065207295,
  "inference_time": 0.04778027534484863
}