{
  "mae": 0.8627004160617998,
  "mse": 1.2959045131688092,
  "mre": 1.000607912445574,
  "inference_time": 0.047883033752441406
}