{
  "mae": 0.22049303343562052,
  "mse": 0.11769383104942188,
  "mre": 0.2557400805507479,
  "inference_time": 0.017664670944213867
}