{
  "mae": 0.3738246618687784,
  "mse": 0.28432322517562725,
  "mre": 0.4335826291132745,
  "inference_time": 0.03436017036437988
}