{
  "mae": 0.5910502927678937,
  "mse": 0.7400224215696984,
  "mre": 0.7541202299042186,
  "inference_time": 0.8020114898681641
}