{
  "mae": 0.16345739580387436,
  "mse": 0.08408659821623686,
  "mre": 0.20855505937727292,
  "inference_time": 0.07066559791564941
}