{
  "mae": 0.43887755203092654,
  "mse": 0.4493998096927504,
  "mre": 0.6212549895259125,
  "inference_time": 1.5740087032318115
}