{
  "mae": 0.7051336240626985,
  "mse": 0.9232742447411681,
  "mre": 0.9981549072269957,
  "inference_time": 3.0833423137664795
}