{
  "mae": 0.8601814437733303,
  "mse": 1.297032866127903,
  "mre": 0.9976862683195867,
  "inference_time": 0.05411863327026367
}