{
  "mae": 0.5279134921926669,
  "mse": 0.753099068132027,
  "mre": 0.5945674465058177,
  "inference_time": 0.03896450996398926
}