{
  "mae": 0.2970936130632379,
  "mse": 0.2914124550139146,
  "mre": 0.42055213035551003,
  "inference_time": 0.5480186939239502
}