{
  "mae": 0.16392063313329525,
  "mse": 0.06425509616973633,
  "mre": 0.1901242650084844,
  "inference_time": 0.015933990478515625
}