{
  "mae": 0.2877926070692978,
  "mse": 0.4377918541829382,
  "mre": 0.3580049227913855,
  "inference_time": 0.4566943645477295
}