{
  "mae": 0.8020472800823865,
  "mse": 1.5124941737421582,
  "mre": 0.9977215103089692,
  "inference_time": 14.94722843170166
}