{
  "mae": 0.551699161027945,
  "mse": 0.7201888004150331,
  "mre": 0.7809600990522256,
  "inference_time": 0.08639049530029297
}