{
  "mae": 0.2630616991134079,
  "mse": 0.24484079811245343,
  "mre": 0.3723781095002384,
  "inference_time": 0.3380138874053955
}