Model,XGB_MAE,XGB_MSE,XGB_MRE,RNN_MAE,RNN_MSE,RNN_MRE,Transformer_MAE,Transformer_MSE,Transformer_MRE,Avg_Rank,Category,Global_Rank
Naive_locf,1.3976,2.2674,1.3517,1.2929,1.994,1.2217,1.0526,1.5373,0.9669,1.5555555555555556,Naive,1
Naive_linear_interpolation,1.2612,2.1336,1.1647,1.318,2.081,1.2447,1.1242,1.68,1.0284,1.6666666666666667,Naive,2
Naive_mean,1.422,2.2938,1.3104,1.6749,3.1365,1.6509,1.2242,1.8387,1.1325,3.2222222222222223,Naive,3
Naive_median,1.4439,2.4636,1.3381,1.7787,3.5759,1.7387,1.2056,1.8101,1.1142,3.5555555555555554,Naive,4
