{
  "mae": 0.27881346201425516,
  "mse": 0.39023282455807884,
  "mre": 0.3705126468886639,
  "inference_time": 0.28101229667663574
}