{
  "mae": 0.6962789176804348,
  "mse": 0.9623157453439153,
  "mre": 0.9856205898637314,
  "inference_time": 2.6623735427856445
}