{
  "mae": 0.794451374919976,
  "mse": 1.206180967331727,
  "mre": 1.1245890301766375,
  "inference_time": 2.3411192893981934
}