{
  "mae": 0.1671009623560757,
  "mse": 0.32888258574834345,
  "mre": 0.2078683248185325,
  "inference_time": 12.622757911682129
}