{
  "mae": 0.0971056272076319,
  "mse": 0.11427418056060032,
  "mre": 0.12904277542611636,
  "inference_time": 0.6077761650085449
}