{
  "mae": 0.8112608167157037,
  "mse": 1.1579267833303086,
  "mre": 0.9409454048584133,
  "inference_time": 0.02735424041748047
}