{
  "mae": 0.9394600107579839,
  "mse": 1.5774762198322785,
  "mre": 1.0896379585416862,
  "inference_time": 1.870483160018921
}