{
  "mae": 0.46971738515973394,
  "mse": 0.9802709327996271,
  "mre": 0.5843136066639488,
  "inference_time": 13.803951025009155
}