{
  "mae": 0.38027114899808157,
  "mse": 0.2824661463733927,
  "mre": 0.441059623338576,
  "inference_time": 0.017449617385864258
}