{
  "mae": 0.21799621202301941,
  "mse": 0.11768902114494759,
  "mre": 0.2528441282422779,
  "inference_time": 0.013167142868041992
}