{
  "mae": 0.8358085503650758,
  "mse": 1.6107570910247835,
  "mre": 1.0664069434861823,
  "inference_time": 0.030481338500976562
}