{
  "mae": 0.6804538443591868,
  "mse": 0.8308552030407504,
  "mre": 0.7892282048824668,
  "inference_time": 0.04621315002441406
}