{
  "mae": 0.07570712283711296,
  "mse": 0.15457575919835656,
  "mre": 0.10060649965771658,
  "inference_time": 1.158900260925293
}