{
  "mae": 0.787393385566639,
  "mse": 1.6203703666508118,
  "mre": 1.0046341034158945,
  "inference_time": 0.029165029525756836
}