{
  "mae": 0.78319042084983,
  "mse": 1.5996817836345634,
  "mre": 0.9992715466972839,
  "inference_time": 0.07087111473083496
}