{
  "mae": 0.2749089257245437,
  "mse": 0.1731963313896593,
  "mre": 0.3188546581878382,
  "inference_time": 0.02159714698791504
}