{
  "mae": 0.8021061331599103,
  "mse": 1.5163726702841953,
  "mre": 0.9977947216804826,
  "inference_time": 12.193215131759644
}