{
  "mae": 0.3043963590407753,
  "mse": 0.24567526625488473,
  "mre": 0.38837888259363695,
  "inference_time": 0.22487545013427734
}