{
  "mae": 0.3326627918841268,
  "mse": 0.284682129107106,
  "mre": 0.4244439841513674,
  "inference_time": 0.13886761665344238
}