{
  "mae": 0.5052693601205778,
  "mse": 0.7009117663127311,
  "mre": 0.6446724596536493,
  "inference_time": 0.0773162841796875
}