{
  "mae": 0.4709076073536843,
  "mse": 0.6394255616041896,
  "mre": 0.6171767033967746,
  "inference_time": 0.19923162460327148
}