{
  "mae": 0.1364459622695778,
  "mse": 0.09132426052807484,
  "mre": 0.17409120965725336,
  "inference_time": 0.13015317916870117
}