{
  "mae": 0.2082121082903768,
  "mse": 0.11876763516814064,
  "mre": 0.26565753353656124,
  "inference_time": 0.0694432258605957
}