{
  "mae": 0.126793443876141,
  "mse": 0.23047197837376163,
  "mre": 0.1684946421140753,
  "inference_time": 0.8877651691436768
}