{
  "mae": 0.6656462505784654,
  "mse": 0.9222907721873711,
  "mre": 0.8492971066308915,
  "inference_time": 0.07323813438415527
}