{
  "mae": 0.7862289900418231,
  "mse": 1.3969052532375097,
  "mre": 0.9780440565955733,
  "inference_time": 0.6815874576568604
}