{
  "mae": 0.29342916246207823,
  "mse": 0.2371276830361733,
  "mre": 0.37438585204017844,
  "inference_time": 0.05999875068664551
}