{
  "mae": 0.33313319514342044,
  "mse": 0.6481190241490514,
  "mre": 0.4144071837740095,
  "inference_time": 0.40333008766174316
}