{
  "mae": 0.13171215991040205,
  "mse": 0.05884846695555132,
  "mre": 0.16805135794394976,
  "inference_time": 0.1163017749786377
}