{
  "mae": 0.3126556383826731,
  "mse": 0.23897349651499628,
  "mre": 0.36263539441021203,
  "inference_time": 0.0071980953216552734
}