{
  "mae": 0.22698243534369308,
  "mse": 0.17591377782734804,
  "mre": 0.3016348719637034,
  "inference_time": 0.055145263671875
}