{
  "mae": 0.20530918237919177,
  "mse": 0.3892825740958278,
  "mre": 0.25539814498544955,
  "inference_time": 21.935952186584473
}