{
  "mae": 0.1683053542311519,
  "mse": 0.2656408539883453,
  "mre": 0.2236594382179795,
  "inference_time": 0.19277405738830566
}