{
  "mae": 0.2874847505606266,
  "mse": 0.3907290482244191,
  "mre": 0.38203584253366896,
  "inference_time": 0.09193778038024902
}