{
  "mae": 0.26734742993483046,
  "mse": 0.37425500648800314,
  "mre": 0.35527554225115265,
  "inference_time": 0.1416182518005371
}