{
  "mae": 0.36815627932499473,
  "mse": 0.39890102573208025,
  "mre": 0.469730074415637,
  "inference_time": 0.01666712760925293
}