{
  "mae": 0.5823778774649062,
  "mse": 0.9384578828799873,
  "mre": 0.7430551075243841,
  "inference_time": 0.04786515235900879
}