{
  "mae": 0.5493105331034839,
  "mse": 0.5377453962632205,
  "mre": 0.637120900349338,
  "inference_time": 3.8474907875061035
}