{
  "mae": 0.8251432642705306,
  "mse": 1.1716073667889357,
  "mre": 0.9570470394569938,
  "inference_time": 0.025578022003173828
}