{
  "mae": 0.5324368552451997,
  "mse": 0.6177198212231797,
  "mre": 0.7536932599944351,
  "inference_time": 4.477173805236816
}