{
  "mae": 0.6618717190791121,
  "mse": 0.8464367607986621,
  "mre": 0.9369153332203602,
  "inference_time": 4.997716665267944
}