{
  "mae": 0.14925755791485623,
  "mse": 0.0763702455345665,
  "mre": 0.19043750636275442,
  "inference_time": 0.12773680686950684
}