{
  "mae": 0.9553668205296035,
  "mse": 1.5912008518897753,
  "mre": 1.108087561002651,
  "inference_time": 1.8814165592193604
}