{
  "mae": 0.6497489331125568,
  "mse": 0.9247615502514513,
  "mre": 0.7536149414919502,
  "inference_time": 3.6961922645568848
}