{
  "mae": 0.6981589744297491,
  "mse": 0.9075526267683794,
  "mre": 0.9882819122091062,
  "inference_time": 0.25551462173461914
}