{
  "mae": 0.294809646637829,
  "mse": 0.21792179485840438,
  "mre": 0.3761472098412566,
  "inference_time": 0.02473163604736328
}