{
  "mae": 0.3035353870367338,
  "mse": 0.5009439620285455,
  "mre": 0.37758844435629696,
  "inference_time": 0.1226356029510498
}