{
  "mae": 0.10634806031079246,
  "mse": 0.20380935354879295,
  "mre": 0.14132495982282364,
  "inference_time": 2.127847194671631
}