{
  "mae": 0.13011462824268552,
  "mse": 0.24029388400424287,
  "mre": 0.17290813349129852,
  "inference_time": 0.6024274826049805
}