{
  "mae": 0.3209118319880451,
  "mse": 0.6444064086474264,
  "mre": 0.3992041936159194,
  "inference_time": 0.5391137599945068
}