{
  "mae": 0.5245516151767837,
  "mse": 0.6291091853056956,
  "mre": 0.7425312748041606,
  "inference_time": 0.13852643966674805
}