{
  "mae": 0.7178851156433448,
  "mse": 1.3222376255007433,
  "mre": 0.8930264332227817,
  "inference_time": 4.598202228546143
}