{
  "mae": 0.6678888357877101,
  "mse": 1.1776727170517245,
  "mre": 0.8308326385598662,
  "inference_time": 12.985403776168823
}