{
  "mae": 0.5913106481948048,
  "mse": 1.0668516831586505,
  "mre": 0.7355717893814129,
  "inference_time": 2.2463459968566895
}