{
  "mae": 0.492670414409218,
  "mse": 0.4197139605502772,
  "mre": 0.5714265412506645,
  "inference_time": 0.023009300231933594
}