{
  "mae": 0.5173617805598039,
  "mse": 0.5973567701582588,
  "mre": 0.6000649606595143,
  "inference_time": 0.0058078765869140625
}