{
  "mae": 0.681721992356527,
  "mse": 0.9799467404693472,
  "mre": 0.905934089428279,
  "inference_time": 0.1578993797302246
}