{
  "mae": 0.10699255757741795,
  "mse": 0.05054212763985209,
  "mre": 0.1365116524018168,
  "inference_time": 0.06047773361206055
}