{
  "mae": 0.12175470303012648,
  "mse": 0.30975102983044017,
  "mre": 0.15145900897757503,
  "inference_time": 15.788058996200562
}