{
  "mae": 0.3465499344405593,
  "mse": 0.37981637933527856,
  "mre": 0.4421625696347218,
  "inference_time": 0.06611132621765137
}