{
  "mae": 0.3599808454414661,
  "mse": 0.2442521135226565,
  "mre": 0.41752580104444414,
  "inference_time": 0.47959041595458984
}