{
  "mae": 0.1366258791472773,
  "mse": 0.05806741906703129,
  "mre": 0.17432076534622698,
  "inference_time": 0.07887053489685059
}