{
  "mae": 0.19188165135071722,
  "mse": 0.1113943573085921,
  "mre": 0.2448215266984541,
  "inference_time": 0.0768575668334961
}