{
  "mae": 0.48052332391059455,
  "mse": 0.589189808965815,
  "mre": 0.6385630282972146,
  "inference_time": 9.876924753189087
}