{
  "mae": 0.21998381453786467,
  "mse": 0.3182013080630218,
  "mre": 0.29233446910437166,
  "inference_time": 0.900336742401123
}