{
  "mae": 0.2978538408758035,
  "mse": 0.17320726759351662,
  "mre": 0.3454674466173946,
  "inference_time": 3.6756465435028076
}