{
  "mae": 0.7860600021531774,
  "mse": 1.6193271199159291,
  "mre": 1.00293284141059,
  "inference_time": 0.028466463088989258
}