{
  "mae": 0.8093961702360137,
  "mse": 1.6851491798642528,
  "mre": 1.0327074251559074,
  "inference_time": 0.03162574768066406
}