{
  "mae": 0.24591244191660608,
  "mse": 0.1330858924387896,
  "mre": 0.28522292393671683,
  "inference_time": 0.055166006088256836
}