{
  "mae": 0.19444017289420146,
  "mse": 0.38666710593239023,
  "mre": 0.24187744012399412,
  "inference_time": 7.684011459350586
}