{
  "mae": 0.1790222289451639,
  "mse": 0.36810434827794714,
  "mre": 0.22269800431677753,
  "inference_time": 12.251087188720703
}