{
  "mae": 0.22901514724807065,
  "mse": 0.22438051208041332,
  "mre": 0.3241833678812754,
  "inference_time": 0.5735111236572266
}