{
  "mae": 0.80205082307702,
  "mse": 1.5135318775037163,
  "mre": 0.9977259176825051,
  "inference_time": 9.619003057479858
}