{
  "mae": 0.7524083152027198,
  "mse": 1.4356830554555733,
  "mre": 0.9599967017787133,
  "inference_time": 0.15068745613098145
}