{
  "mae": 0.288211355961952,
  "mse": 0.27203125194016203,
  "mre": 0.40797881345449666,
  "inference_time": 0.22750401496887207
}