{
  "mae": 0.2535816946625261,
  "mse": 0.23837801188055735,
  "mre": 0.35895864879056166,
  "inference_time": 0.31090283393859863
}