{
  "mae": 0.47958408199074537,
  "mse": 0.428333233422335,
  "mre": 0.5562482852546935,
  "inference_time": 3.7619118690490723
}