{
  "mae": 0.17387446463231665,
  "mse": 0.07623744159257048,
  "mre": 0.20166927225739398,
  "inference_time": 0.0500948429107666
}