{
  "mae": 0.26790373021762226,
  "mse": 0.15941977767912685,
  "mre": 0.3107296429195581,
  "inference_time": 0.031157732009887695
}