{
  "mae": 0.37381770016493404,
  "mse": 0.29557961677921496,
  "mre": 0.43357455454205474,
  "inference_time": 0.023521900177001953
}