{
  "mae": 0.12475991797545351,
  "mse": 0.1483540146657823,
  "mre": 0.16579230823630203,
  "inference_time": 0.18850970268249512
}