{
  "mae": 0.4588965097701694,
  "mse": 0.5474386288204205,
  "mre": 0.6098233537741515,
  "inference_time": 0.12552595138549805
}