{
  "mae": 0.38050838702715223,
  "mse": 0.533437644762747,
  "mre": 0.5056540979845447,
  "inference_time": 2.1182663440704346
}