{
  "mae": 0.245920795530516,
  "mse": 0.3637435860232884,
  "mre": 0.3268018847394061,
  "inference_time": 7.942805290222168
}