{
  "mae": 0.5189006206788634,
  "mse": 0.8612480906606027,
  "mre": 0.6800768759307568,
  "inference_time": 0.04128074645996094
}