{
  "mae": 0.11820199920139599,
  "mse": 0.07326694301791956,
  "mre": 0.15081376306482913,
  "inference_time": 0.022823095321655273
}