{
  "mae": 0.1871905712505832,
  "mse": 0.09192757782526698,
  "mre": 0.21711403314673136,
  "inference_time": 0.03555893898010254
}