{
  "mae": 0.1739995578156091,
  "mse": 0.22860170125838308,
  "mre": 0.23122641302170074,
  "inference_time": 0.0682520866394043
}