{
  "mae": 0.3023316096696251,
  "mse": 0.40676995324163273,
  "mre": 0.40176569713508287,
  "inference_time": 0.07518815994262695
}