{
  "mae": 0.14098634017636769,
  "mse": 0.11457576775246808,
  "mre": 0.17988427138620683,
  "inference_time": 0.028040170669555664
}