{
  "mae": 2.1304213844680464,
  "mse": 7.4432499349961905,
  "mre": 3.015727071864933,
  "inference_time": 5.077054977416992
}