{
  "mae": 0.6637415252334072,
  "mse": 0.8784975335723321,
  "mre": 0.9395621452922618,
  "inference_time": 2.3145275115966797
}