{
  "mae": 0.2996462434247932,
  "mse": 0.2896964457022,
  "mre": 0.4241655171445883,
  "inference_time": 0.8712129592895508
}