{
  "mae": 0.43828288697745255,
  "mse": 0.5554341826601705,
  "mre": 0.5592045136171112,
  "inference_time": 0.07474803924560547
}