{
  "mae": 0.12594020974828904,
  "mse": 0.04611090553691899,
  "mre": 0.14607245808974548,
  "inference_time": 0.08363580703735352
}