{
  "mae": 0.2943388645044655,
  "mse": 0.2881525774056242,
  "mre": 0.4166526342908171,
  "inference_time": 0.41365504264831543
}