{
  "mae": 0.17196610971685758,
  "mse": 0.07758524644330345,
  "mre": 0.1994558561136072,
  "inference_time": 0.0583038330078125
}