{
  "mae": 0.09613274546497794,
  "mse": 0.19361963950127917,
  "mre": 0.12774992182078385,
  "inference_time": 0.2737865447998047
}