{
  "mae": 0.21688314596303349,
  "mse": 0.20066153221090838,
  "mre": 0.3070098617486742,
  "inference_time": 0.7491550445556641
}