{
  "mae": 0.3641043006014101,
  "mse": 0.2590683407429489,
  "mre": 0.42230841362099697,
  "inference_time": 3.668485641479492
}