{
  "mae": 0.8610743645660511,
  "mse": 1.3025987863243982,
  "mre": 0.9987219275052659,
  "inference_time": 0.03332018852233887
}