{
  "mae": 0.1858216963987299,
  "mse": 0.13593082906581005,
  "mre": 0.23708963877365355,
  "inference_time": 0.08803772926330566
}