{
  "mae": 0.12579741138629288,
  "mse": 0.06412565418841266,
  "mre": 0.16050473869444631,
  "inference_time": 0.03458452224731445
}