{
  "mae": 0.08640447295502879,
  "mse": 0.17028391552633101,
  "mre": 0.11482210990210684,
  "inference_time": 1.2674567699432373
}