{
  "mae": 10.710477796026657,
  "mse": 194.60332901677143,
  "mre": 14.233055495165459,
  "inference_time": 6.150823354721069
}