{
  "mae": 0.2962290417168352,
  "mse": 0.2838673734387093,
  "mre": 0.41932828270080935,
  "inference_time": 0.566126823425293
}