{
  "mae": 0.4077917643815209,
  "mse": 0.6338719823547372,
  "mre": 0.5419107273689341,
  "inference_time": 3.304041862487793
}