{
  "mae": 0.12077469003882142,
  "mse": 0.06964752812387517,
  "mre": 0.15409625565392196,
  "inference_time": 0.1200113296508789
}