{
  "mae": 0.36762909188068016,
  "mse": 0.38244074162379504,
  "mre": 0.5203989280583176,
  "inference_time": 0.10178971290588379
}