{
  "mae": 0.32021766893599635,
  "mse": 0.21437764494115505,
  "mre": 0.37140625792776066,
  "inference_time": 0.019261598587036133
}