{
  "mae": 0.31087895693450657,
  "mse": 0.6045528858872289,
  "mre": 0.3867236136055621,
  "inference_time": 34.280720472335815
}