{
  "mae": 0.4016980979727991,
  "mse": 0.4111336661385488,
  "mre": 0.5125260332360501,
  "inference_time": 0.09097695350646973
}