{
  "mae": 0.3879505412205774,
  "mse": 0.29118022499416724,
  "mre": 0.4499666094458505,
  "inference_time": 0.019760608673095703
}