{
  "mae": 0.16611046675349,
  "mse": 0.10971707054147595,
  "mre": 0.21194010883745826,
  "inference_time": 0.038826942443847656
}