{
  "mae": 0.443267936184415,
  "mse": 0.3781275011503265,
  "mre": 0.5141268000127781,
  "inference_time": 0.03006744384765625
}