{
  "mae": 0.3082624235275818,
  "mse": 0.23648148500686947,
  "mre": 0.35753989953941456,
  "inference_time": 0.014967918395996094
}