{
  "mae": 0.4810422901334976,
  "mse": 0.6755743461987934,
  "mre": 0.6392526777406256,
  "inference_time": 7.933061361312866
}