{
  "mae": 0.31866352487427546,
  "mse": 0.30197488810304896,
  "mre": 0.45108551096299376,
  "inference_time": 0.27710676193237305
}