{
  "mae": 0.33988309200291,
  "mse": 0.6684355887512282,
  "mre": 0.42280384249516106,
  "inference_time": 0.34447336196899414
}