{
  "mae": 0.25658118976986977,
  "mse": 0.14989354668786933,
  "mre": 0.2975971309257368,
  "inference_time": 0.07875967025756836
}