{
  "mae": 1.0154351353496989,
  "mse": 1.8735928751036908,
  "mre": 1.1777581325906836,
  "inference_time": 3.712287664413452
}