{
  "mae": 0.3290878922451782,
  "mse": 0.2214175477061514,
  "mre": 0.3816944361447638,
  "inference_time": 0.029024839401245117
}