{
  "mae": 0.46138239084858446,
  "mse": 0.400925942052701,
  "mre": 0.5351369517747846,
  "inference_time": 0.03750967979431152
}