{
  "mae": 0.24353855556728804,
  "mse": 0.2315145641601204,
  "mre": 0.3447420404346625,
  "inference_time": 0.24110817909240723
}