{
  "mae": 0.39215525845085014,
  "mse": 0.2944430616672282,
  "mre": 0.45484347429009525,
  "inference_time": 0.015847444534301758
}