{
  "mae": 0.6901942013775163,
  "mse": 1.293055750201557,
  "mre": 0.8585798095769779,
  "inference_time": 3.1451919078826904
}