{
  "mae": 0.39639784227690156,
  "mse": 0.5144462653687234,
  "mre": 0.4931064086884024,
  "inference_time": 12.854212284088135
}