{
  "mae": 0.7155096361580711,
  "mse": 1.3231363651394523,
  "mre": 0.8900714116939863,
  "inference_time": 4.623064041137695
}