{
  "mae": 0.7757666253054849,
  "mse": 1.3985936870134288,
  "mre": 0.9650292049710276,
  "inference_time": 1.6218669414520264
}