{
  "mae": 0.13276322379442523,
  "mse": 0.048866496645825756,
  "mre": 0.15398616916972496,
  "inference_time": 0.02959728240966797
}