{
  "mae": 0.5034141338691509,
  "mse": 0.6739789367352843,
  "mre": 0.5669748179125561,
  "inference_time": 0.031537771224975586
}