{
  "mae": 0.8064489096237182,
  "mse": 1.5543739449749314,
  "mre": 1.003196998578622,
  "inference_time": 23.75060749053955
}