{
  "mae": 0.16226732323857204,
  "mse": 0.11145097363000048,
  "mre": 0.20703664747979172,
  "inference_time": 0.13272976875305176
}