{
  "mae": 0.7311316564543129,
  "mse": 1.1693185392386005,
  "mre": 0.9715941378868231,
  "inference_time": 1.1657371520996094
}