{
  "mae": 0.4826236997673268,
  "mse": 0.5893173811366245,
  "mre": 0.6413541984671081,
  "inference_time": 10.60619592666626
}