{
  "mae": 0.2079226771908051,
  "mse": 0.102533619713358,
  "mre": 0.24116028241150494,
  "inference_time": 0.02189946174621582
}