{
  "mae": 0.14002268268266654,
  "mse": 0.07872527109551751,
  "mre": 0.17865474215732238,
  "inference_time": 0.06998109817504883
}