{
  "mae": 0.5571619249012312,
  "mse": 1.103009937178427,
  "mre": 0.7302225631926877,
  "inference_time": 0.044790029525756836
}