{
  "mae": 0.4720482862432271,
  "mse": 0.5139752068014134,
  "mre": 0.6682099637328809,
  "inference_time": 0.11612081527709961
}