{
  "mae": 0.1549226171633972,
  "mse": 0.10451858752747709,
  "mre": 0.1976655474198433,
  "inference_time": 0.0512239933013916
}