{
  "mae": 0.7065391182037489,
  "mse": 1.3026258707893477,
  "mre": 0.8789123703956719,
  "inference_time": 4.379892826080322
}