{
  "mae": 0.25498266310321105,
  "mse": 0.24555249294593265,
  "mre": 0.3253320180597475,
  "inference_time": 0.07217669486999512
}