{
  "mae": 0.12920660185572683,
  "mse": 0.2187692057394481,
  "mre": 0.17170146557201554,
  "inference_time": 1.1771490573883057
}