{
  "mae": 0.7250119758272533,
  "mse": 1.177972883963446,
  "mre": 0.9634617505520638,
  "inference_time": 0.49066853523254395
}