{
  "mae": 0.12404000090805724,
  "mse": 0.24108604878636178,
  "mre": 0.1648356170627328,
  "inference_time": 0.6274328231811523
}