{
  "mae": 0.7283075491140519,
  "mse": 1.103913907620311,
  "mre": 0.9678412076008233,
  "inference_time": 0.5929679870605469
}