{
  "mae": 0.146761456030183,
  "mse": 0.0801575949828549,
  "mre": 0.18725273350980645,
  "inference_time": 0.041483163833618164
}