{
  "mae": 0.4378532440728777,
  "mse": 0.4525579813482529,
  "mre": 0.6198050260297068,
  "inference_time": 5.926783561706543
}