{
  "mae": 0.41571939934056,
  "mse": 0.4200305528528574,
  "mre": 0.5884733677716987,
  "inference_time": 3.6953678131103516
}