{
  "mae": 0.6963826577541135,
  "mse": 0.8975846594196699,
  "mre": 0.9857674395672269,
  "inference_time": 1.1177654266357422
}