{
  "mae": 0.1972217312331511,
  "mse": 0.40253947584937394,
  "mre": 0.24533761093420403,
  "inference_time": 11.279658317565918
}