{
  "mae": 0.34102617525068657,
  "mse": 0.5848746508181956,
  "mre": 0.4242258019889497,
  "inference_time": 0.10277342796325684
}