{
  "mae": 0.15385202771482792,
  "mse": 0.26666811429413684,
  "mre": 0.20445254546171973,
  "inference_time": 3.6775197982788086
}