{
  "mae": 0.09888046183050632,
  "mse": 0.04353081763207494,
  "mre": 0.1261614409485448,
  "inference_time": 0.12417888641357422
}