{
  "mae": 0.4868185704941937,
  "mse": 0.6858520077276986,
  "mre": 0.6469287236178619,
  "inference_time": 5.74628210067749
}