{
  "mae": 0.7338839581819905,
  "mse": 1.0237322073423665,
  "mre": 0.9752516463542799,
  "inference_time": 3.3421409130096436
}