{
  "mae": 0.18532251330501248,
  "mse": 0.26229348278112924,
  "mre": 0.2462733844938561,
  "inference_time": 13.109168767929077
}