{
  "mae": 0.11457661954968257,
  "mse": 0.20880527222634576,
  "mre": 0.1522598165605714,
  "inference_time": 1.3133618831634521
}