{
  "mae": 0.09903133173491786,
  "mse": 0.22767662418747323,
  "mre": 0.12319185205181603,
  "inference_time": 36.70181393623352
}