{
  "mae": 0.4122518981273901,
  "mse": 0.41038151365125547,
  "mre": 0.5835649316489115,
  "inference_time": 2.043612480163574
}