{
  "mae": 0.5496588323269376,
  "mse": 0.6503716022125506,
  "mre": 0.7780719030624602,
  "inference_time": 2.4164140224456787
}