{
  "mae": 0.42118240987480593,
  "mse": 0.4147964515696761,
  "mre": 0.5962065556199432,
  "inference_time": 1.6112215518951416
}