{
  "mae": 0.45537338350987233,
  "mse": 0.7061224262295606,
  "mre": 0.5810102538932046,
  "inference_time": 0.010366439819335938
}