{
  "mae": 0.5266282016007356,
  "mse": 0.7390188388723544,
  "mre": 0.5931198761054317,
  "inference_time": 0.01667046546936035
}