{
  "mae": 0.2878744535948516,
  "mse": 0.17520003633249942,
  "mre": 0.33389279835158936,
  "inference_time": 0.04057455062866211
}