{
  "mae": 0.8766560247952091,
  "mse": 1.3113869374740768,
  "mre": 1.0167944034471543,
  "inference_time": 0.04418063163757324
}