{
  "mae": 0.1351508090592527,
  "mse": 0.2266547245625533,
  "mre": 0.1796006678871478,
  "inference_time": 1.5571558475494385
}