{
  "mae": 0.21960534582604888,
  "mse": 0.13570362312320028,
  "mre": 0.2801941491425168,
  "inference_time": 0.07384848594665527
}