{
  "mae": 0.48671283292816836,
  "mse": 0.5512238927274806,
  "mre": 0.6889684253014814,
  "inference_time": 0.2359158992767334
}