{
  "mae": 0.11674422307644097,
  "mse": 0.04848890724323354,
  "mre": 0.14895378857543037,
  "inference_time": 0.061057090759277344
}