{
  "mae": 0.47219956222780984,
  "mse": 0.40772228644429165,
  "mre": 0.5476833086222089,
  "inference_time": 0.0397648811340332
}