{
  "mae": 0.4542599855642107,
  "mse": 0.39435558722554165,
  "mre": 0.5268759900892417,
  "inference_time": 0.030576467514038086
}