{
  "mae": 0.12272246955386612,
  "mse": 0.26400590066072915,
  "mre": 0.15266287999823705,
  "inference_time": 21.956761598587036
}