{
  "mae": 0.1524067546955771,
  "mse": 0.19506107754150742,
  "mre": 0.20253193543101752,
  "inference_time": 0.06652975082397461
}