{
  "mae": 0.10727023396620974,
  "mse": 0.21329721502795237,
  "mre": 0.14255042791712313,
  "inference_time": 3.368457078933716
}