{
  "mae": 0.12049059930461241,
  "mse": 0.21637184005953697,
  "mre": 0.16011884989710728,
  "inference_time": 2.4524431228637695
}