{
  "mae": 0.17168265721841852,
  "mse": 0.3170732925521529,
  "mre": 0.21356780866612063,
  "inference_time": 12.19914698600769
}