{
  "mae": 0.5388917872514674,
  "mse": 0.758778244099289,
  "mre": 0.6069318527137125,
  "inference_time": 0.05919337272644043
}