{
  "mae": 0.5850778592753861,
  "mse": 0.7272817587688689,
  "mre": 0.8282094576355995,
  "inference_time": 0.3057708740234375
}