{
  "mae": 0.6993349227793215,
  "mse": 0.9351734809819053,
  "mre": 0.9899465309079116,
  "inference_time": 0.9270813465118408
}