{
  "mae": 0.5058795883210679,
  "mse": 0.6123263505048272,
  "mre": 0.6722587350039912,
  "inference_time": 5.207234144210815
}