{
  "mae": 0.23988457809232572,
  "mse": 0.5018297106869315,
  "mre": 0.2984088463332489,
  "inference_time": 15.02574872970581
}