{
  "mae": 0.13439270670475242,
  "mse": 0.2204512295950328,
  "mre": 0.17859323263653545,
  "inference_time": 0.4442291259765625
}