{
  "mae": 0.2788481121934131,
  "mse": 0.21779605892154713,
  "mre": 0.35578191069136866,
  "inference_time": 0.024988174438476562
}