{
  "mae": 0.1629255145281392,
  "mse": 0.07039362283625179,
  "mre": 0.18897007111729977,
  "inference_time": 0.015349864959716797
}