{
  "mae": 0.8611103122731747,
  "mse": 1.3018550232009534,
  "mre": 0.9987636216548368,
  "inference_time": 0.05878734588623047
}