{
  "mae": 0.37539296919554893,
  "mse": 0.28525189115317806,
  "mre": 0.43540163915557467,
  "inference_time": 0.030120372772216797
}