{
  "mae": 0.20865401160602423,
  "mse": 0.3003888483662866,
  "mre": 0.27727839812890165,
  "inference_time": 0.3177988529205322
}