{
  "mae": 0.3197814612307522,
  "mse": 0.20410730907008237,
  "mre": 0.3709003199761719,
  "inference_time": 3.874948501586914
}