{
  "mae": 0.36246214783171726,
  "mse": 0.5030059244154217,
  "mre": 0.48167261659414934,
  "inference_time": 1.1213569641113281
}