{
  "mae": 0.36545935897168075,
  "mse": 0.3827255544030876,
  "mre": 0.4662890775634907,
  "inference_time": 0.017485618591308594
}