{
  "mae": 0.22541466408879302,
  "mse": 0.21198347470619153,
  "mre": 0.31908668859782996,
  "inference_time": 1.2192249298095703
}