{
  "mae": 0.35099091367042873,
  "mse": 0.35381023072745255,
  "mre": 0.44782880873282865,
  "inference_time": 0.030475616455078125
}