{
  "mae": 0.3176046580946626,
  "mse": 0.29985811523035777,
  "mre": 0.4052313326153016,
  "inference_time": 0.017864465713500977
}