{
  "mae": 0.26663519634488925,
  "mse": 0.5385876895108462,
  "mre": 0.3316857714066745,
  "inference_time": 19.67196536064148
}