{
  "mae": 0.09094887168953918,
  "mse": 0.17328016510191296,
  "mre": 0.12086111960944604,
  "inference_time": 0.774604082107544
}