{
  "mae": 0.22284457617512932,
  "mse": 0.21737743199756576,
  "mre": 0.31544858969645057,
  "inference_time": 0.6501021385192871
}