{
  "mae": 0.09584756969267277,
  "mse": 0.21393794897615329,
  "mre": 0.11923135252499655,
  "inference_time": 33.21682810783386
}