{
  "mae": 0.11070514460837871,
  "mse": 0.06050579364483171,
  "mre": 0.1412485369268483,
  "inference_time": 0.053746700286865234
}