{
  "mae": 0.3221934258023122,
  "mse": 0.2496336878013531,
  "mre": 0.3736978506019929,
  "inference_time": 0.0069658756256103516
}