{
  "mae": 0.44391574647778675,
  "mse": 0.6821819824821316,
  "mre": 0.5663914710611512,
  "inference_time": 0.40404319763183594
}