{
  "mae": 0.6223908788821471,
  "mse": 1.22973984310726,
  "mre": 0.7941076392583919,
  "inference_time": 0.23909616470336914
}