{
  "mae": 0.6751145080792367,
  "mse": 1.1063706944480147,
  "mre": 0.8613776429416619,
  "inference_time": 0.1453089714050293
}