{
  "mae": 0.5341917554581266,
  "mse": 0.8682147568965913,
  "mre": 0.7001176058040658,
  "inference_time": 0.04166245460510254
}