{
  "mae": 0.157421054000572,
  "mse": 0.10110387641282198,
  "mre": 0.20085329943537492,
  "inference_time": 0.17726945877075195
}