{
  "mae": 0.09584333778241604,
  "mse": 0.25851556299759393,
  "mre": 0.11922608816216196,
  "inference_time": 33.19662308692932
}