{
  "mae": 0.4535525245619036,
  "mse": 0.3478222676502228,
  "mre": 0.5260554374808557,
  "inference_time": 0.8432409763336182
}