{
  "mae": 0.17746340017109077,
  "mse": 0.0726587081143392,
  "mre": 0.2058319192556971,
  "inference_time": 0.06208539009094238
}