{
  "mae": 0.46360667483220996,
  "mse": 0.5746506460944041,
  "mre": 0.6562604047170129,
  "inference_time": 1.1821105480194092
}