{
  "mae": 0.5310058561533748,
  "mse": 0.6569012528977329,
  "mre": 0.7516676031302613,
  "inference_time": 0.25136756896972656
}