{
  "mae": 0.7622490101809952,
  "mse": 1.4923486870436544,
  "mre": 0.9725524305385815,
  "inference_time": 0.04198861122131348
}