{
  "mae": 0.22182274727799767,
  "mse": 0.17905425083877513,
  "mre": 0.2830233285087983,
  "inference_time": 0.07663536071777344
}