{
  "mae": 0.8598400924473762,
  "mse": 1.295689130709508,
  "mre": 0.9972903500711262,
  "inference_time": 0.0449216365814209
}