{
  "mae": 0.13463649961596302,
  "mse": 0.06621054080914487,
  "mre": 0.1717825188249439,
  "inference_time": 0.07254552841186523
}