{
  "mae": 0.35858869792450404,
  "mse": 0.36393268152123104,
  "mre": 0.5076017598582941,
  "inference_time": 0.4022033214569092
}