{
  "mae": 0.2021921237080933,
  "mse": 0.18498029752014983,
  "mre": 0.257976643749752,
  "inference_time": 0.1624436378479004
}