{
  "mae": 0.7482176519241235,
  "mse": 1.0465860006869552,
  "mre": 0.8678244368588494,
  "inference_time": 0.031343936920166016
}