{
  "mae": 0.5168828731194003,
  "mse": 0.7229185091016287,
  "mre": 0.6868808990331136,
  "inference_time": 8.012033462524414
}