{
  "mae": 0.35142592128328226,
  "mse": 0.44096353097396374,
  "mre": 0.4670066765761077,
  "inference_time": 50.68405270576477
}