{
  "mae": 0.22268183023541055,
  "mse": 0.3352800632744807,
  "mre": 0.2959198373653697,
  "inference_time": 1.6611108779907227
}