{
  "mae": 0.40550809092153334,
  "mse": 0.5342408723797942,
  "mre": 0.5388759746988994,
  "inference_time": 0.10576725006103516
}