{
  "mae": 0.21532164620469174,
  "mse": 0.20806768383428836,
  "mre": 0.3047994741097435,
  "inference_time": 1.2010829448699951
}