{
  "mae": 0.09387426315553274,
  "mse": 0.20104580344095638,
  "mre": 0.11677662145435981,
  "inference_time": 32.54350781440735
}