{
  "mae": 0.10669795184996525,
  "mse": 0.04376257108298409,
  "mre": 0.13613576537217453,
  "inference_time": 0.18338418006896973
}