{
  "mae": 0.482869241834344,
  "mse": 0.6952863901426406,
  "mre": 0.6328537534607928,
  "inference_time": 0.041175127029418945
}