{
  "mae": 0.8483699922549873,
  "mse": 1.7864945543886255,
  "mre": 1.0824340693701526,
  "inference_time": 0.06377887725830078
}