{
  "mae": 0.20250658908531718,
  "mse": 0.1316039235637983,
  "mre": 0.2583778696783586,
  "inference_time": 0.09063339233398438
}