{
  "mae": 0.21798104951896816,
  "mse": 0.20841760246185548,
  "mre": 0.30856400380717386,
  "inference_time": 0.2741663455963135
}