{
  "mae": 0.21265018312487496,
  "mse": 0.2882220946774686,
  "mre": 0.2825888737285152,
  "inference_time": 0.1619861125946045
}