{
  "mae": 0.31272310735868525,
  "mse": 0.4170564568133245,
  "mre": 0.41557486289808415,
  "inference_time": 0.29055333137512207
}