{
  "mae": 0.22767584233664914,
  "mse": 0.22453944394052225,
  "mre": 0.32228750910502485,
  "inference_time": 0.45201706886291504
}