{
  "mae": 0.16684942900619595,
  "mse": 0.09066025527207164,
  "mre": 0.2128829497271759,
  "inference_time": 0.040488243103027344
}