{
  "mae": 0.1445743838537381,
  "mse": 0.09649124051356499,
  "mre": 0.18446225122310633,
  "inference_time": 0.07430458068847656
}