{
  "mae": 0.195407166004377,
  "mse": 0.14143775177315784,
  "mre": 0.2493197258427233,
  "inference_time": 0.06914830207824707
}