{
  "mae": 0.7252203424130821,
  "mse": 0.9654565375397276,
  "mre": 1.0265887470090271,
  "inference_time": 2.3460493087768555
}