{
  "mae": 0.21389741634743925,
  "mse": 0.176572648255926,
  "mre": 0.2729114100197117,
  "inference_time": 0.12730932235717773
}