{
  "mae": 0.30527451086815627,
  "mse": 0.21945214479209862,
  "mre": 0.3540743522960673,
  "inference_time": 0.06609749794006348
}