{
  "mae": 0.45210123630964605,
  "mse": 0.5960786255334737,
  "mre": 0.5768353259232695,
  "inference_time": 0.014950990676879883
}