{
  "mae": 0.22471893956086678,
  "mse": 0.12366055552270189,
  "mre": 0.2606415214535777,
  "inference_time": 0.022277355194091797
}