{
  "mae": 0.3117332615155199,
  "mse": 0.5428232411787307,
  "mre": 0.38778634154941216,
  "inference_time": 0.13649964332580566
}