{
  "mae": 0.2049720792639853,
  "mse": 0.10263557070174781,
  "mre": 0.23773801486989535,
  "inference_time": 0.03283405303955078
}