{
  "mae": 0.22122594635612597,
  "mse": 0.2164871031205173,
  "mre": 0.31315733135662915,
  "inference_time": 0.15643787384033203
}