{
  "mae": 0.16017363660868078,
  "mse": 0.08808628397682278,
  "mre": 0.20436531567943508,
  "inference_time": 0.05097007751464844
}