{
  "mae": 0.5957548960917401,
  "mse": 1.1427325410292632,
  "mre": 0.780802936840709,
  "inference_time": 0.14264440536499023
}