{
  "mae": 0.15749741699017888,
  "mse": 0.09542446222779974,
  "mre": 0.20095073086546328,
  "inference_time": 0.03651690483093262
}