{
  "mae": 0.13794392217387386,
  "mse": 0.07261105360488544,
  "mre": 0.17600245457369681,
  "inference_time": 0.0740365982055664
}