{
  "mae": 0.23388088933864648,
  "mse": 0.22232901395036525,
  "mre": 0.3310710898381812,
  "inference_time": 0.3524601459503174
}