{
  "mae": 0.5511892912395355,
  "mse": 0.723886792885427,
  "mre": 0.7802383506998842,
  "inference_time": 0.12596368789672852
}