{
  "mae": 0.5583606996863268,
  "mse": 1.1299741676324608,
  "mre": 0.6945830930702621,
  "inference_time": 17.4592387676239
}