{
  "mae": 0.37938160113668484,
  "mse": 0.4140314426210277,
  "mre": 0.48405244658761887,
  "inference_time": 0.05694985389709473
}