{
  "mae": 0.3197935630832861,
  "mse": 0.3083526975379858,
  "mre": 0.40802415338445985,
  "inference_time": 0.02975177764892578
}