{
  "mae": 0.33469944481274094,
  "mse": 0.5770808991647981,
  "mre": 0.4163555489444952,
  "inference_time": 0.14097142219543457
}