{
  "mae": 0.147986535254993,
  "mse": 0.2582052512028468,
  "mre": 0.1966579464459526,
  "inference_time": 2.273765802383423
}