{
  "mae": 0.8044210372786021,
  "mse": 1.5412660458290293,
  "mre": 1.000674389364518,
  "inference_time": 31.63659119606018
}