{
  "mae": 0.558100439680076,
  "mse": 0.7262573294660957,
  "mre": 0.7900214563341809,
  "inference_time": 0.12645173072814941
}