{
  "mae": 0.3584285626911809,
  "mse": 0.25714648012203173,
  "mre": 0.4157253771969879,
  "inference_time": 0.032436370849609375
}