{
  "mae": 0.3311462275767315,
  "mse": 0.22026185423741437,
  "mre": 0.3840818079147004,
  "inference_time": 0.04025387763977051
}