{
  "mae": 0.2317205992398399,
  "mse": 0.22201399154696458,
  "mre": 0.3280130819804167,
  "inference_time": 0.5877780914306641
}