{
  "mae": 0.23910254692591804,
  "mse": 0.22546471617372718,
  "mre": 0.33846262949355116,
  "inference_time": 0.3306691646575928
}