{
  "mae": 0.31547701299179853,
  "mse": 0.3705408550082646,
  "mre": 0.4192345027807317,
  "inference_time": 0.12868738174438477
}