{
  "mae": 0.19581211654322353,
  "mse": 0.2591610965909689,
  "mre": 0.2602129218193629,
  "inference_time": 0.12576627731323242
}