{
  "mae": 0.21390488955918427,
  "mse": 0.260998658148037,
  "mre": 0.284256241576128,
  "inference_time": 0.28734612464904785
}