{
  "mae": 0.2575487171511961,
  "mse": 0.23876776858474444,
  "mre": 0.36457418438412975,
  "inference_time": 0.25615620613098145
}