{
  "mae": 0.09732602026481055,
  "mse": 0.20310513624806545,
  "mre": 0.1293356537340044,
  "inference_time": 0.8151006698608398
}