{
  "mae": 0.320026480872069,
  "mse": 0.2836581645606231,
  "mre": 0.40832133286068206,
  "inference_time": 0.16167426109313965
}