{
  "mae": 0.3065461221912278,
  "mse": 0.2648640565546585,
  "mre": 0.391121762347011,
  "inference_time": 0.7828342914581299
}