{
  "mae": 0.6911485515862811,
  "mse": 1.332539616862916,
  "mre": 0.8818354563016748,
  "inference_time": 0.28072476387023926
}