{
  "mae": 0.15875818797633237,
  "mse": 0.061094229471530204,
  "mre": 0.18413657406102418,
  "inference_time": 0.011855363845825195
}