{
  "mae": 0.2814326535424593,
  "mse": 0.29749469137250606,
  "mre": 0.35907952333142373,
  "inference_time": 0.03746366500854492
}