{
  "mae": 0.2321433808593258,
  "mse": 0.42069508437051223,
  "mre": 0.2887790412248581,
  "inference_time": 2.1444172859191895
}