{
  "mae": 0.1416543123409219,
  "mse": 0.0804691856067301,
  "mre": 0.18073653612317914,
  "inference_time": 0.09309840202331543
}