{
  "mae": 0.11061635083712348,
  "mse": 0.1916143670117284,
  "mre": 0.14699705187022938,
  "inference_time": 1.0562386512756348
}