{
  "mae": 0.19576550589231534,
  "mse": 0.14123255213019972,
  "mre": 0.24977693119729713,
  "inference_time": 0.08710265159606934
}