{
  "mae": 0.753728312936182,
  "mse": 1.3215811873283616,
  "mre": 0.9376142397341864,
  "inference_time": 0.7792208194732666
}