{
  "mae": 0.45029926494671335,
  "mse": 0.734729397879872,
  "mre": 0.5601580777974885,
  "inference_time": 0.5738320350646973
}