{
  "mae": 0.3740914187095311,
  "mse": 0.5397735593396488,
  "mre": 0.4653579215805821,
  "inference_time": 0.39891672134399414
}