{
  "mae": 0.43393354835651465,
  "mse": 0.5210527853924566,
  "mre": 0.5536551986419116,
  "inference_time": 0.025383949279785156
}