{
  "mae": 0.3138794299726513,
  "mse": 0.24325286852576722,
  "mre": 0.36405481594440636,
  "inference_time": 0.014269113540649414
}