{
  "mae": 0.3867468499682444,
  "mse": 0.3044677126808118,
  "mre": 0.44857050140092325,
  "inference_time": 0.7517280578613281
}