{
  "mae": 0.44377246984848073,
  "mse": 0.3712443759559051,
  "mre": 0.5147119862106287,
  "inference_time": 0.6495890617370605
}