{
  "mae": 0.3217416917870731,
  "mse": 0.2906005558090805,
  "mre": 0.41050976803343153,
  "inference_time": 0.05853843688964844
}