{
  "mae": 0.29451812149231377,
  "mse": 0.17343142179966164,
  "mre": 0.3415984937959104,
  "inference_time": 3.6159956455230713
}