{
  "mae": 0.26140134693527056,
  "mse": 0.1483266570171544,
  "mre": 0.3031878172278815,
  "inference_time": 0.030987262725830078
}