{
  "mae": 0.31671610910929066,
  "mse": 0.20703175630573406,
  "mre": 0.36734495413878426,
  "inference_time": 0.0225679874420166
}