{
  "mae": 0.09945928365963001,
  "mse": 0.23954688641631605,
  "mre": 0.1237242107434627,
  "inference_time": 18.653692722320557
}