{
  "mae": 0.41891753443790786,
  "mse": 0.8564697444004938,
  "mre": 0.5211201951976768,
  "inference_time": 0.5439050197601318
}