{
  "mae": 0.227749421059552,
  "mse": 0.21945355891439106,
  "mre": 0.32239166377986483,
  "inference_time": 0.385723352432251
}