{
  "mae": 0.22258726832398854,
  "mse": 0.21739675266716096,
  "mre": 0.31508435647097416,
  "inference_time": 0.22278213500976562
}