{
  "mae": 0.5459096388592315,
  "mse": 0.7109125460387798,
  "mre": 0.77276471626803,
  "inference_time": 0.08357763290405273
}