{
  "mae": 0.17834030168556478,
  "mse": 0.2858840529357885,
  "mre": 0.23699478765147666,
  "inference_time": 0.125532865524292
}