{
  "mae": 0.3809839768411705,
  "mse": 0.27296329404940883,
  "mre": 0.4418864007073205,
  "inference_time": 0.31619811058044434
}