{
  "mae": 0.5310895010822789,
  "mse": 0.5104101521995539,
  "mre": 0.615987134242477,
  "inference_time": 0.3164653778076172
}