{
  "mae": 0.1667597551951018,
  "mse": 0.07247064084939467,
  "mre": 0.19341723664330845,
  "inference_time": 0.013634204864501953
}