trial_id,completed,failed,fail_reason,n_steps,n_features,epochs,patience,d_block_hidden,n_residual_layers,d_residual_hidden,d_embedding,n_embeddings,commitment_cost,compression_factor,batch_size,lr,mae,mse,mre,inference_time
17,True,False,,48,35,1000,10,32,3,16,48,512,0.5,4,8,0.0003086514364086598,0.46540872598599187,0.5017376859318612,0.6588113059091273,0.38214850425720215
11,True,False,,48,35,1000,10,32,3,24,48,512,0.1,4,16,0.0022158248289456998,0.4654133142404548,0.5040659465505406,0.65881780083229,0.23470449447631836
16,True,False,,48,35,1000,10,32,2,16,64,128,0.1,4,16,0.0016976431851829091,0.46860485979298494,0.5045213795838915,0.6633356067433768,0.20960640907287598
13,True,False,,48,35,1000,10,48,2,16,32,512,0.5,4,16,0.0005609470149339016,0.46881919163147967,0.5137719154673609,0.6636390050909635,0.1934218406677246
23,True,False,,48,35,1000,10,64,3,32,32,128,0.1,4,32,0.0022024245756711363,0.470774015994219,0.5146218012528003,0.6664061650502249,0.1409595012664795
20,True,False,,48,35,1000,10,48,3,32,48,512,0.25,4,16,0.000655417983777184,0.4711699821281467,0.5076247847784718,0.6669666765989416,0.23498153686523438
24,True,False,,48,35,1000,10,48,1,16,32,512,0.1,4,16,0.00674345701557368,0.4815350352850604,0.539577576825927,0.6816389717770286,0.1894841194152832
9,True,False,,48,35,1000,10,32,3,32,32,512,0.25,4,32,0.0005291389571345672,0.5288421929402399,0.613243008306626,0.7486048204461311,0.13234639167785645
2,True,False,,48,35,1000,10,48,1,16,48,256,0.1,4,16,0.005668737357505589,0.7054581303550814,0.9257470726370736,0.9986142634924109,0.1792752742767334
