{
  "mae": 0.09588501102658663,
  "mse": 0.21471974518782597,
  "mre": 0.11927792836304026,
  "inference_time": 13.950112342834473
}