{
  "mae": 0.15392954680028145,
  "mse": 0.08313059836246012,
  "mre": 0.19639849035260654,
  "inference_time": 0.053052425384521484
}