{
  "mae": 0.4208981362158061,
  "mse": 0.5019733110409809,
  "mre": 0.5370233347874634,
  "inference_time": 0.010098457336425781
}