{
  "mae": 0.27642378685527935,
  "mse": 0.38214239653411664,
  "mre": 0.36733702953518427,
  "inference_time": 0.14615726470947266
}