{
  "mae": 0.31356969743979407,
  "mse": 0.24260408835804637,
  "mre": 0.363695570930322,
  "inference_time": 0.013986349105834961
}