{
  "mae": 0.1361403981501953,
  "mse": 0.24462192000805408,
  "mre": 0.1809157237340514,
  "inference_time": 2.2574045658111572
}