{
  "mae": 0.7439503977027468,
  "mse": 1.1395403486676563,
  "mre": 0.9886288453052738,
  "inference_time": 0.10263633728027344
}