{
  "mae": 0.6076600138314224,
  "mse": 0.7750263534000821,
  "mre": 0.8075138069250445,
  "inference_time": 0.30022668838500977
}