{
  "mae": 0.24721078625533466,
  "mse": 0.20696961227536242,
  "mre": 0.31541589141701964,
  "inference_time": 0.046454429626464844
}