{
  "mae": 0.2715913431548277,
  "mse": 0.30387423769253447,
  "mre": 0.3609152395202414,
  "inference_time": 0.2224748134613037
}