{
  "mae": 0.5095501450634506,
  "mse": 0.7188380004236937,
  "mre": 0.5738855571936701,
  "inference_time": 0.05519580841064453
}