{
  "mae": 0.13426719232003054,
  "mse": 0.049489917225088116,
  "mre": 0.1557305554929164,
  "inference_time": 0.054490089416503906
}