{
  "mae": 0.8603023495826417,
  "mse": 1.2668642339148688,
  "mre": 0.9978265016001153,
  "inference_time": 0.02910923957824707
}