{
  "mae": 0.21487729275488637,
  "mse": 0.11805206767160925,
  "mre": 0.2492266322496142,
  "inference_time": 0.08909773826599121
}