{
  "mae": 0.5541819597782426,
  "mse": 0.7291454468440712,
  "mre": 0.7844746354063254,
  "inference_time": 0.08787250518798828
}