{
  "mae": 0.4722088138149425,
  "mse": 0.518310201290364,
  "mre": 0.6684371992212835,
  "inference_time": 0.1388382911682129
}