{
  "mae": 0.8463076015207216,
  "mse": 1.778647507134409,
  "mre": 1.079802667958619,
  "inference_time": 0.04638671875
}