{
  "mae": 0.8629867949146438,
  "mse": 1.817184969212772,
  "mre": 1.1010836271438993,
  "inference_time": 0.03891634941101074
}