{
  "mae": 0.2628001523956919,
  "mse": 0.3626685169977785,
  "mre": 0.34923270692680425,
  "inference_time": 0.19161462783813477
}