{
  "mae": 0.2193729216314017,
  "mse": 0.20717660772547142,
  "mre": 0.31053427430888864,
  "inference_time": 0.4380028247833252
}