{
  "mae": 0.7430672062130597,
  "mse": 1.069343835869452,
  "mre": 0.8618506635359642,
  "inference_time": 0.04295992851257324
}