{
  "mae": 0.6891467300857772,
  "mse": 0.9425897847442719,
  "mre": 0.9755245913126281,
  "inference_time": 0.453136682510376
}