{
  "mae": 0.6993517595272648,
  "mse": 0.9534724209357697,
  "mre": 0.9899703642382306,
  "inference_time": 5.051897048950195
}