{
  "mae": 0.30797154792587916,
  "mse": 0.26839560944570123,
  "mre": 0.3929404610193232,
  "inference_time": 0.21564555168151855
}