{
  "mae": 0.5377482983468735,
  "mse": 0.6679808515817819,
  "mre": 0.6861122908523752,
  "inference_time": 0.12193870544433594
}