{
  "mae": 0.47230183936008824,
  "mse": 0.6845345601090084,
  "mre": 0.6026092466927929,
  "inference_time": 0.32875895500183105
}