{
  "mae": 0.1250440148664761,
  "mse": 0.21534926809271132,
  "mre": 0.16616984198343596,
  "inference_time": 2.2717580795288086
}