{
  "mae": 0.9024030890320404,
  "mse": 1.344485054664817,
  "mre": 1.0466572801978389,
  "inference_time": 0.05640912055969238
}