{
  "mae": 0.31286347688653554,
  "mse": 0.23610689470946952,
  "mre": 0.36287645706371696,
  "inference_time": 0.013230085372924805
}