{
  "mae": 0.23841404514492068,
  "mse": 0.29408926301285493,
  "mre": 0.31682623315211933,
  "inference_time": 0.17338228225708008
}