{
  "mae": 0.45838763144025074,
  "mse": 0.5633799507018714,
  "mre": 0.584856128550673,
  "inference_time": 0.033918142318725586
}