{
  "mae": 0.8605551986662688,
  "mse": 1.3052788650974694,
  "mre": 0.9981197700268154,
  "inference_time": 0.013602018356323242
}