{
  "mae": 0.1138376612459598,
  "mse": 0.2063753966170262,
  "mre": 0.15127782166307005,
  "inference_time": 1.043375015258789
}