{
  "mae": 0.21099971518600877,
  "mse": 0.17274330104638003,
  "mre": 0.2692142372193764,
  "inference_time": 0.07078218460083008
}