{
  "mae": 0.13958036405198826,
  "mse": 0.20949283358601012,
  "mre": 0.18548706280165672,
  "inference_time": 1.0381758213043213
}