{
  "mae": 0.2567402007187726,
  "mse": 0.24105738935382268,
  "mre": 0.36342968550185073,
  "inference_time": 0.6475915908813477
}