{
  "mae": 0.6893861273971812,
  "mse": 0.8870264141363575,
  "mre": 0.9758634711972352,
  "inference_time": 0.425762414932251
}