{
  "mae": 0.7304942891096301,
  "mse": 1.1705129964046197,
  "mre": 0.970747146280992,
  "inference_time": 1.2096340656280518
}