{
  "mae": 0.2056168089858331,
  "mse": 0.09745452513787714,
  "mre": 0.23848580825107243,
  "inference_time": 0.05587625503540039
}