{
  "mae": 2.363756705147237,
  "mse": 9.981765157975637,
  "mre": 3.1411745584226916,
  "inference_time": 6.188410997390747
}