{
  "mae": 2.0029426318393817,
  "mse": 5.533057889306508,
  "mre": 2.661692052914623,
  "inference_time": 10.600252628326416
}