{
  "mae": 0.43874450457630587,
  "mse": 0.5493489449429245,
  "mre": 0.5597934908565013,
  "inference_time": 0.021158933639526367
}