{
  "mae": 0.09399844083941337,
  "mse": 0.1859100978925176,
  "mre": 0.12491366402185368,
  "inference_time": 1.0966920852661133
}