{
  "mae": 0.8624782491056612,
  "mse": 1.3209988480531931,
  "mre": 1.000350230856395,
  "inference_time": 0.07864022254943848
}