{
  "mae": 0.5198456675425259,
  "mse": 0.6144722449848377,
  "mre": 0.7358697505710318,
  "inference_time": 0.1933434009552002
}