{
  "mae": 0.09590152604610826,
  "mse": 0.18896167192418642,
  "mre": 0.1274426564603577,
  "inference_time": 1.2088444232940674
}