{
  "mae": 0.10546659713867754,
  "mse": 0.26226788956406993,
  "mre": 0.13119711916925905,
  "inference_time": 13.036967039108276
}