{
  "mae": 0.16454018680251317,
  "mse": 0.06887646504627226,
  "mre": 0.19084285780392327,
  "inference_time": 0.03934144973754883
}