{
  "mae": 0.3382317575216103,
  "mse": 0.33694463389198037,
  "mre": 0.47878540609799014,
  "inference_time": 0.20723915100097656
}