{
  "mae": 0.09643800157001779,
  "mse": 0.09342726543828896,
  "mre": 0.1281555738529352,
  "inference_time": 0.4368603229522705
}