{
  "mae": 0.37616824985094344,
  "mse": 0.28108023568734436,
  "mre": 0.43630085276867925,
  "inference_time": 0.032024383544921875
}