{
  "mae": 0.9176109021458613,
  "mse": 1.351813484319369,
  "mre": 1.2989280239179761,
  "inference_time": 4.4723663330078125
}