{
  "mae": 0.09776686806783845,
  "mse": 0.12295038363772991,
  "mre": 0.12992149232728786,
  "inference_time": 0.6316401958465576
}