{
  "mae": 0.13013392651513955,
  "mse": 0.22982338369102892,
  "mre": 0.1729337787881779,
  "inference_time": 0.8603675365447998
}