{
  "mae": 0.4273118741323014,
  "mse": 0.5156086804395051,
  "mre": 0.5452066138946987,
  "inference_time": 0.01440119743347168
}