{
  "mae": 0.08303949991380036,
  "mse": 0.06439010488225524,
  "mre": 0.1103504281575905,
  "inference_time": 0.5555334091186523
}