{
  "mae": 0.30274634277958407,
  "mse": 0.28954470596354703,
  "mre": 0.4285538760006689,
  "inference_time": 0.2332603931427002
}