{
  "mae": 0.36882878296593896,
  "mse": 0.3837198920117718,
  "mre": 0.522097155887829,
  "inference_time": 0.07861781120300293
}