{
  "mae": 0.6175305622686135,
  "mse": 1.2870826611348205,
  "mre": 0.7879063681874636,
  "inference_time": 0.2828512191772461
}