{
  "mae": 0.36673810965144493,
  "mse": 0.375957717490292,
  "mre": 0.519137694365845,
  "inference_time": 0.16609811782836914
}