{
  "mae": 0.15339327348891912,
  "mse": 0.11626734041177109,
  "mre": 0.19571425999555486,
  "inference_time": 0.012330770492553711
}