{
  "mae": 0.10842593008419928,
  "mse": 0.1992408139811861,
  "mre": 0.1440862218654561,
  "inference_time": 1.5217292308807373
}