{
  "mae": 0.1596099840857981,
  "mse": 0.06402811298030185,
  "mre": 0.18512453455235273,
  "inference_time": 0.07900309562683105
}