{
  "mae": 0.315160586002307,
  "mse": 0.20244686675734258,
  "mre": 0.3655407719454512,
  "inference_time": 3.6329851150512695
}