{
  "mae": 0.17140195870880032,
  "mse": 0.14314130047916232,
  "mre": 0.21869151591516692,
  "inference_time": 0.025990009307861328
}