{
  "mae": 0.1723333571040344,
  "mse": 0.2761575591158418,
  "mre": 0.2290122142113802,
  "inference_time": 0.14462065696716309
}