{
  "mae": 0.2679081350775092,
  "mse": 0.17426472509218807,
  "mre": 0.3107347519209844,
  "inference_time": 0.022105693817138672
}