{
  "mae": 0.6944193451687088,
  "mse": 0.9010890989870889,
  "mre": 0.98298826406819,
  "inference_time": 0.45421552658081055
}