{
  "mae": 0.4572793575335508,
  "mse": 0.598622167125154,
  "mre": 0.583442083445639,
  "inference_time": 0.022229433059692383
}