{
  "mae": 0.19570430845862413,
  "mse": 0.4151728843598045,
  "mre": 0.24344998488026023,
  "inference_time": 3.884330987930298
}