{
  "mae": 0.11906502553417454,
  "mse": 0.1995790735249992,
  "mre": 0.15822441801708215,
  "inference_time": 2.009953737258911
}