{
  "mae": 0.22752175882789552,
  "mse": 0.32956631466288705,
  "mre": 0.30235157398453644,
  "inference_time": 0.5742673873901367
}