{
  "mae": 0.26802298256661716,
  "mse": 0.29728331731072927,
  "mre": 0.3561732779340269,
  "inference_time": 0.12001943588256836
}