{
  "mae": 0.3040724904247458,
  "mse": 0.18518339811346426,
  "mre": 0.35268018214823277,
  "inference_time": 3.7498586177825928
}