{
  "mae": 0.24543584032800606,
  "mse": 0.1960224543470937,
  "mre": 0.3261574322283749,
  "inference_time": 0.08279204368591309
}