{
  "mae": 0.4032441381153788,
  "mse": 0.7736783744268222,
  "mre": 0.5016229846978439,
  "inference_time": 0.49280333518981934
}