{
  "mae": 0.13180609077697267,
  "mse": 0.05181552502486972,
  "mre": 0.15287603307532283,
  "inference_time": 0.0586400032043457
}