{
  "mae": 0.4264986079967751,
  "mse": 0.7267676000226752,
  "mre": 0.5305508115076523,
  "inference_time": 0.2937450408935547
}