{
  "mae": 0.6895383421310802,
  "mse": 0.926134990913708,
  "mre": 0.9760789394126328,
  "inference_time": 2.555565118789673
}