{
  "mae": 0.688358979917735,
  "mse": 0.9099008255290312,
  "mre": 0.9744094882044119,
  "inference_time": 2.3783204555511475
}