{
  "mae": 0.2914616297211996,
  "mse": 0.16816291824904078,
  "mre": 0.33805340468552963,
  "inference_time": 3.9685230255126953
}