{
  "mae": 0.6345919302664688,
  "mse": 0.8874517347841193,
  "mre": 0.8433033831242852,
  "inference_time": 0.23643159866333008
}