{
  "mae": 0.0984367790990086,
  "mse": 0.2217557634681036,
  "mre": 0.12245224733200867,
  "inference_time": 35.58711862564087
}