{
  "mae": 0.12257746534248234,
  "mse": 0.1830431786148574,
  "mre": 0.16289206699289344,
  "inference_time": 0.2848374843597412
}