{
  "mae": 0.46860485979298494,
  "mse": 0.5045213795838915,
  "mre": 0.6633356067433768,
  "inference_time": 0.20960640907287598
}