{
  "mae": 0.6717679072481737,
  "mse": 0.827630814162063,
  "mre": 0.9509239245663208,
  "inference_time": 0.4073789119720459
}