{
  "mae": 0.3923070995405173,
  "mse": 0.28726045663106586,
  "mre": 0.4550195880289165,
  "inference_time": 0.023159027099609375
}