{
  "mae": 0.25115566815345025,
  "mse": 0.14786193164143505,
  "mre": 0.2913043092724029,
  "inference_time": 0.034680843353271484
}