{
  "mae": 0.15618774970998803,
  "mse": 0.06334415089288026,
  "mre": 0.18115523683216536,
  "inference_time": 0.05797219276428223
}