{
  "mae": 0.7842875273991585,
  "mse": 1.4476740043397747,
  "mre": 0.9756289383249287,
  "inference_time": 0.7780025005340576
}