{
  "mae": 0.5910311905795304,
  "mse": 0.8591205253802908,
  "mre": 0.6656543372828121,
  "inference_time": 0.058647871017456055
}