{
  "mae": 0.7926268928681609,
  "mse": 1.577440281455676,
  "mre": 1.011311527956109,
  "inference_time": 0.030779123306274414
}