{
  "mae": 0.8116123163371551,
  "mse": 1.69025875893408,
  "mre": 1.035535002821875,
  "inference_time": 0.04126095771789551
}