{
  "mae": 0.1341302625371119,
  "mse": 0.24143570017134644,
  "mre": 0.17824447299447765,
  "inference_time": 0.7240390777587891
}