{
  "mae": 0.14102636705384122,
  "mse": 0.17780219141188422,
  "mre": 0.18740864289952913,
  "inference_time": 0.0723111629486084
}