{
  "mae": 0.8018862706595954,
  "mse": 1.5201496993965886,
  "mre": 0.9975212196671699,
  "inference_time": 15.684200525283813
}