{
  "mae": 0.30775226986986715,
  "mse": 0.2351381040024885,
  "mre": 0.35694819496043384,
  "inference_time": 0.013744831085205078
}