{
  "mae": 0.21326307548869938,
  "mse": 0.2031074470923785,
  "mre": 0.3018854555579082,
  "inference_time": 0.877326250076294
}