{
  "mae": 0.0968099739723161,
  "mse": 0.1757990574629144,
  "mre": 0.12864988455927417,
  "inference_time": 2.1489791870117188
}