{
  "mae": 0.646099787786134,
  "mse": 0.8576343232699905,
  "mre": 0.914589308649543,
  "inference_time": 2.6377992630004883
}