{
  "mae": 0.5862391479066672,
  "mse": 0.7113959229991009,
  "mre": 0.8298533247076896,
  "inference_time": 5.05817985534668
}