{
  "mae": 0.3020490023714444,
  "mse": 0.6167276488215212,
  "mre": 0.3757394287309335,
  "inference_time": 0.8943736553192139
}