{
  "mae": 0.3380248719654058,
  "mse": 0.23734529321987755,
  "mre": 0.3920600421592447,
  "inference_time": 0.03761005401611328
}