{
  "mae": 0.3528539340360586,
  "mse": 0.2441852052198905,
  "mre": 0.40925961290916624,
  "inference_time": 0.027914047241210938
}