{
  "mae": 0.46524110668980373,
  "mse": 0.7867889800269583,
  "mre": 0.5787452574824348,
  "inference_time": 0.30689311027526855
}