{
  "mae": 0.33721056686339473,
  "mse": 0.5317230882000957,
  "mre": 0.4194793055448432,
  "inference_time": 0.2963144779205322
}