{
  "mae": 0.7040099828867149,
  "mse": 0.9199090816335302,
  "mre": 0.9965643321707273,
  "inference_time": 0.23478221893310547
}