{
  "mae": 0.3385759238161674,
  "mse": 0.6576350648604218,
  "mre": 0.42117776651448985,
  "inference_time": 0.5624773502349854
}