{
  "mae": 0.6893519734271206,
  "mse": 0.9447322385418606,
  "mre": 0.9758151243993322,
  "inference_time": 0.4100048542022705
}