{
  "mae": 0.4642239433635493,
  "mse": 0.6151331438915385,
  "mre": 0.6169029313079861,
  "inference_time": 0.1682112216949463
}