{
  "mae": 0.24516106711598692,
  "mse": 0.22555590512567175,
  "mre": 0.3470387935735006,
  "inference_time": 0.4444460868835449
}