{
  "mae": 0.19466280848195763,
  "mse": 0.08913670669992349,
  "mre": 0.22578074937658427,
  "inference_time": 0.029643535614013672
}