{
  "mae": 0.10879456101683986,
  "mse": 0.19369925901213902,
  "mre": 0.14457609212348085,
  "inference_time": 1.2523882389068604
}