{
  "mae": 0.753855467534866,
  "mse": 1.0242921440792199,
  "mre": 0.8743634888912688,
  "inference_time": 0.029329776763916016
}