{
  "mae": 0.4815350352850604,
  "mse": 0.539577576825927,
  "mre": 0.6816389717770286,
  "inference_time": 0.1894841194152832
}