{
  "mae": 0.5236470144444891,
  "mse": 0.6166249237054261,
  "mre": 0.7412507633816325,
  "inference_time": 0.18897318840026855
}