{
  "mae": 0.11788152838863271,
  "mse": 0.13951657796658348,
  "mre": 0.15665167953877487,
  "inference_time": 0.2798645496368408
}