{
  "mae": 0.43158318014705865,
  "mse": 0.5143906386582165,
  "mre": 0.5506563671783926,
  "inference_time": 0.013615846633911133
}