{
  "mae": 0.35893042818368304,
  "mse": 0.36023425517683927,
  "mre": 0.5080854975833259,
  "inference_time": 0.22242426872253418
}