{
  "mae": 0.23069594453087602,
  "mse": 0.4355647375979441,
  "mre": 0.28697847610162913,
  "inference_time": 11.32205319404602
}