{
  "mae": 0.257375437062937,
  "mse": 0.19342551943403555,
  "mre": 0.3283849549598667,
  "inference_time": 0.04599475860595703
}