{
  "mae": 0.13217623799683767,
  "mse": 0.0949641062565077,
  "mre": 0.16864347451595488,
  "inference_time": 0.04187512397766113
}