{
  "mae": 0.8522046981931768,
  "mse": 1.2878258988749476,
  "mre": 0.9884343952539604,
  "inference_time": 0.02867436408996582
}