{
  "mae": 0.2766208466728016,
  "mse": 0.17726796615771456,
  "mre": 0.32084023929388183,
  "inference_time": 0.09769415855407715
}