{
  "mae": 0.6957154351516229,
  "mse": 0.8987977673094117,
  "mre": 0.984822949768185,
  "inference_time": 2.942990303039551
}