{
  "mae": 0.41834914008928265,
  "mse": 0.41322700382702987,
  "mre": 0.5921959084980205,
  "inference_time": 4.489936828613281
}