{
  "mae": 0.45678235010109897,
  "mse": 0.4934591374818538,
  "mre": 0.5298015687335688,
  "inference_time": 0.007364034652709961
}