{
  "mae": 0.3853628902411756,
  "mse": 0.6230330966875363,
  "mre": 0.4793792765296341,
  "inference_time": 0.15769720077514648
}