{
  "mae": 0.32248045052299346,
  "mse": 0.2218125674399237,
  "mre": 0.37403075783286244,
  "inference_time": 0.04076361656188965
}