{
  "mae": 0.2997381082959611,
  "mse": 0.18431866589249138,
  "mre": 0.34765292474476117,
  "inference_time": 0.026619911193847656
}