{
  "mae": 0.35067155379964216,
  "mse": 0.24372844150184042,
  "mre": 0.4067283669611329,
  "inference_time": 0.031156301498413086
}