{
  "mae": 0.3283381083530439,
  "mse": 0.2753263761456833,
  "mre": 0.4189261265703308,
  "inference_time": 0.25925445556640625
}