{
  "mae": 0.6679179836133533,
  "mse": 1.1228896046508634,
  "mre": 0.8521956075867543,
  "inference_time": 0.15923738479614258
}