{
  "mae": 0.2553149544618983,
  "mse": 0.19649075971420576,
  "mre": 0.32575598813281004,
  "inference_time": 0.05629110336303711
}