{
  "mae": 0.5478700932898691,
  "mse": 0.6296187740596483,
  "mre": 0.6354501981587861,
  "inference_time": 2.4935693740844727
}