{
  "mae": 0.21120755243701506,
  "mse": 0.1519541243564638,
  "mre": 0.2806717750677107,
  "inference_time": 0.0812842845916748
}