{
  "mae": 0.2814271698619753,
  "mse": 0.41147009530652856,
  "mre": 0.3739859792229647,
  "inference_time": 1.9665582180023193
}