{
  "mae": 0.23492016334501964,
  "mse": 0.3490702777075898,
  "mre": 0.3121832457430993,
  "inference_time": 2.588294744491577
}