{
  "mae": 0.2478742495367592,
  "mse": 0.3580428948469726,
  "mre": 0.32939781181265276,
  "inference_time": 2.3978118896484375
}