{
  "mae": 0.2283332528369546,
  "mse": 0.2071932995066216,
  "mre": 0.32321810934099393,
  "inference_time": 0.33921337127685547
}