{
  "mae": 0.13690367816939283,
  "mse": 0.0544883699547646,
  "mre": 0.15878849838109244,
  "inference_time": 0.07271552085876465
}