{
  "mae": 0.5792932661752851,
  "mse": 0.8257662657076719,
  "mre": 0.6524343915085082,
  "inference_time": 0.015420198440551758
}