{
  "mae": 0.15247357380728657,
  "mse": 0.25277307024678103,
  "mre": 0.20262073073438402,
  "inference_time": 0.4143404960632324
}