{
  "mae": 0.25313532325020477,
  "mse": 0.24104574403855633,
  "mre": 0.3583267858351584,
  "inference_time": 0.4339725971221924
}