{
  "mae": 0.17093827158549796,
  "mse": 0.4003020009259026,
  "mre": 0.2126418164255466,
  "inference_time": 15.903011560440063
}