{
  "mae": 0.10960525774498626,
  "mse": 0.2392142139827039,
  "mre": 0.13634548238091215,
  "inference_time": 10.14165997505188
}