{
  "mae": 0.09598535896834295,
  "mse": 0.20880422356453604,
  "mre": 0.11940275803641714,
  "inference_time": 24.277918338775635
}