{
  "mae": 0.25428506556958735,
  "mse": 0.2413922127385913,
  "mre": 0.35995430847622345,
  "inference_time": 0.7295536994934082
}