{
  "mae": 0.10781711573467537,
  "mse": 0.2600200809062508,
  "mre": 0.1341210901393587,
  "inference_time": 16.192309856414795
}