{
  "mae": 0.5599812104534496,
  "mse": 0.8225192271248539,
  "mre": 0.7441538833674305,
  "inference_time": 5.518578767776489
}