{
  "mae": 0.3679063032365871,
  "mse": 0.37635168514311296,
  "mre": 0.5207913357748059,
  "inference_time": 0.17653298377990723
}