{
  "mae": 0.42235457279137273,
  "mse": 0.3318235380725709,
  "mre": 0.48987031827552036,
  "inference_time": 0.14413189888000488
}