{
  "mae": 0.3858753459080774,
  "mse": 0.28145054770129085,
  "mre": 0.4475596825325236,
  "inference_time": 1.2492456436157227
}