{
  "mae": 0.2500573293378815,
  "mse": 0.339987505165398,
  "mre": 0.33229888649405265,
  "inference_time": 0.09380030632019043
}