{
  "mae": 0.2273209210792984,
  "mse": 0.27621708868297484,
  "mre": 0.30208468254647497,
  "inference_time": 0.30640649795532227
}