{
  "mae": 0.22842409763863344,
  "mse": 0.4102010049113779,
  "mre": 0.2841523702487595,
  "inference_time": 36.42692947387695
}