{
  "mae": 0.3928542571442519,
  "mse": 0.6271649173458719,
  "mre": 0.4886983005902208,
  "inference_time": 0.16266894340515137
}