{
  "mae": 0.32606861539964765,
  "mse": 0.31970058619506236,
  "mre": 0.46156781842093897,
  "inference_time": 0.37915635108947754
}