{
  "mae": 0.30378761750343464,
  "mse": 0.23325358342946384,
  "mre": 0.35234977069392204,
  "inference_time": 0.014636516571044922
}