{
  "mae": 0.09826804397958605,
  "mse": 0.22901521184745913,
  "mre": 0.12224234616736021,
  "inference_time": 10.681043148040771
}