{
  "mae": 0.18341063197774185,
  "mse": 0.13526121239169833,
  "mre": 0.23401336509996232,
  "inference_time": 0.08103322982788086
}