{
  "mae": 0.14074095926186037,
  "mse": 0.2821774526577184,
  "mre": 0.1750773126774427,
  "inference_time": 3.802590847015381
}