{
  "mae": 0.20394145596922303,
  "mse": 0.10394073195202325,
  "mre": 0.2365426406654902,
  "inference_time": 0.04270315170288086
}