{
  "mae": 0.19541802478885997,
  "mse": 0.11181579112810439,
  "mre": 0.24933358055043764,
  "inference_time": 0.10179591178894043
}