{
  "mae": 0.15512213440625708,
  "mse": 0.32734844446788947,
  "mre": 0.19296704080370905,
  "inference_time": 21.653743743896484
}