{
  "mae": 16.978772517187288,
  "mse": 318.4942779234179,
  "mre": 22.56293473355288,
  "inference_time": 10.827720880508423
}