{
  "mae": 0.6708153942679216,
  "mse": 1.1281318926807955,
  "mre": 0.8914404114789933,
  "inference_time": 5.451873779296875
}