{
  "mae": 0.1714269904038975,
  "mse": 0.11076163539470636,
  "mre": 0.21872345381942407,
  "inference_time": 0.17961955070495605
}