{
  "mae": 0.442545124293688,
  "mse": 0.5940887103489066,
  "mre": 0.5800045203150768,
  "inference_time": 0.1329054832458496
}