{
  "mae": 0.3778741005662535,
  "mse": 0.3609473519931354,
  "mre": 0.48212902874879054,
  "inference_time": 0.08974266052246094
}