{
  "mae": 0.5882457075284443,
  "mse": 0.7198048410018926,
  "mre": 0.8326937187334073,
  "inference_time": 0.25728750228881836
}