{
  "mae": 0.3793696969537405,
  "mse": 0.2628727726598143,
  "mre": 0.44001406913289304,
  "inference_time": 0.028996944427490234
}