{
  "mae": 0.7426395545781876,
  "mse": 1.1401161095932957,
  "mre": 0.9868868779259822,
  "inference_time": 0.15273404121398926
}