{
  "mae": 0.30657263927571116,
  "mse": 0.29965990918273855,
  "mre": 0.4339702063156379,
  "inference_time": 0.3887143135070801
}