{
  "mae": 0.20396259810273257,
  "mse": 0.18995916650814143,
  "mre": 0.28872012515021933,
  "inference_time": 0.7876057624816895
}