{
  "mae": 0.09911643111464682,
  "mse": 0.17836489490224566,
  "mre": 0.13171491425535295,
  "inference_time": 0.27970337867736816
}