{
  "mae": 0.5138374808784963,
  "mse": 0.6896193334468838,
  "mre": 0.6556045127714134,
  "inference_time": 0.04423379898071289
}