{
  "mae": 0.700331999510991,
  "mse": 0.9146487909126507,
  "mre": 0.9913579471255408,
  "inference_time": 0.18230056762695312
}