{
  "mae": 0.1486732359498133,
  "mse": 0.05913869951929306,
  "mre": 0.1724394859334509,
  "inference_time": 0.029517650604248047
}