{
  "mae": 0.1833179619811484,
  "mse": 0.11559486153781875,
  "mre": 0.2338951275827977,
  "inference_time": 0.037332773208618164
}