{
  "mae": 0.12874632067622999,
  "mse": 0.05458304912704789,
  "mre": 0.14932714157594953,
  "inference_time": 0.09684967994689941
}