{
  "mae": 0.15486720597876383,
  "mse": 0.1067155644217914,
  "mre": 0.1975948483679922,
  "inference_time": 0.024015188217163086
}