{
  "mae": 0.4659774824210714,
  "mse": 0.5092678532978968,
  "mre": 0.5945400086479,
  "inference_time": 0.0679161548614502
}