{
  "mae": 0.3275412178217354,
  "mse": 0.5292887556372982,
  "mre": 0.40745094042332825,
  "inference_time": 0.21438264846801758
}