{
  "mae": 0.46504257626179474,
  "mse": 0.5156819087645166,
  "mre": 0.5393822383392619,
  "inference_time": 0.007344484329223633
}