{
  "mae": 0.18138356681519302,
  "mse": 0.12154297728638544,
  "mre": 0.23142703553525898,
  "inference_time": 0.04753398895263672
}