{
  "mae": 0.37323969756210473,
  "mse": 0.7347182768133834,
  "mre": 0.464298407346602,
  "inference_time": 0.8304517269134521
}