{
  "mae": 0.7187183558916163,
  "mse": 0.936438378136665,
  "mre": 0.8336095130311244,
  "inference_time": 1.0767755508422852
}