{
  "mae": 0.3606592444946338,
  "mse": 0.25046410515119494,
  "mre": 0.41831264598824747,
  "inference_time": 0.37534379959106445
}