{
  "mae": 0.7059285444500595,
  "mse": 1.1852812641472685,
  "mre": 0.9381019540049346,
  "inference_time": 0.8016912937164307
}