{
  "mae": 0.3126704984559699,
  "mse": 0.1991582970953442,
  "mre": 0.3626526299495065,
  "inference_time": 0.028438329696655273
}