{
  "mae": 0.22566664076121248,
  "mse": 0.21648308006089775,
  "mre": 0.31944337525054284,
  "inference_time": 0.639840841293335
}