{
  "mae": 0.2183927197827506,
  "mse": 0.16592999084375626,
  "mre": 0.29022007790923693,
  "inference_time": 0.08386516571044922
}