{
  "mae": 0.2130947791910938,
  "mse": 0.20433429827698021,
  "mre": 0.30164722301645697,
  "inference_time": 0.7419910430908203
}