{
  "mae": 0.10440348947311624,
  "mse": 0.10294410002974216,
  "mre": 0.13874083751063385,
  "inference_time": 0.23952555656433105
}