{
  "mae": 0.6814673687393079,
  "mse": 0.9106275687735454,
  "mre": 0.964654038624779,
  "inference_time": 4.955110788345337
}