{
  "mae": 0.5588472459285304,
  "mse": 0.6525141533368635,
  "mre": 0.7910786011024982,
  "inference_time": 5.021812677383423
}