{
  "mae": 0.3660141364611415,
  "mse": 0.29042831034840305,
  "mre": 0.4245235474462977,
  "inference_time": 0.02240157127380371
}