{
  "mae": 0.08309010518658602,
  "mse": 0.16941076380115389,
  "mre": 0.11041767703944462,
  "inference_time": 0.44238924980163574
}