{
  "mae": 0.13087787131973616,
  "mse": 0.2204673509009507,
  "mre": 0.17392240020085584,
  "inference_time": 0.8090810775756836
}