{
  "mae": 0.32372278453535347,
  "mse": 0.30922590058756444,
  "mre": 0.458247167541707,
  "inference_time": 0.39549994468688965
}