{
  "mae": 0.4888549198810814,
  "mse": 0.9291542793076516,
  "mre": 0.6081200960317723,
  "inference_time": 37.01751136779785
}