{
  "mae": 0.66625248893223,
  "mse": 0.9527762533821842,
  "mre": 0.8853768085194523,
  "inference_time": 0.18428277969360352
}