{
  "mae": 0.8034856866953466,
  "mse": 1.5339764327870298,
  "mre": 0.9995108427510336,
  "inference_time": 34.94153547286987
}