{
  "mae": 0.23030170845360698,
  "mse": 0.2230924360783529,
  "mre": 0.3260045650798361,
  "inference_time": 0.5638427734375
}