{
  "mae": 0.6419721022011651,
  "mse": 0.7621163683554228,
  "mre": 0.9087463457251703,
  "inference_time": 0.14423251152038574
}