{
  "mae": 0.09159885436736047,
  "mse": 0.20012775312424327,
  "mre": 0.12172487561552811,
  "inference_time": 0.7761473655700684
}