{
  "mae": 0.13772898100865122,
  "mse": 0.09488444169427765,
  "mre": 0.1757282114459682,
  "inference_time": 0.1441206932067871
}