{
  "mae": 0.21102768883642337,
  "mse": 0.16029795915782297,
  "mre": 0.2804327559821446,
  "inference_time": 0.03704214096069336
}