{
  "mae": 0.29369467023380613,
  "mse": 0.5238491762931143,
  "mre": 0.3653469031467423,
  "inference_time": 0.15089917182922363
}