{
  "mae": 0.4118282266332012,
  "mse": 0.4873300455863069,
  "mre": 0.5254510500202677,
  "inference_time": 0.03638339042663574
}