{
  "mae": 0.5589857207360652,
  "mse": 0.9022389031005755,
  "mre": 0.7132090879450713,
  "inference_time": 0.04780864715576172
}