{
  "mae": 0.36460879068804647,
  "mse": 0.37802081179927494,
  "mre": 0.5161235278308243,
  "inference_time": 0.07449507713317871
}