{
  "mae": 0.24742061030619228,
  "mse": 0.24143531601163215,
  "mre": 0.35023729956786837,
  "inference_time": 0.2340245246887207
}