{
  "mae": 0.795990973630672,
  "mse": 1.4693945297737523,
  "mre": 0.9901876561709962,
  "inference_time": 0.9008204936981201
}