{
  "mae": 0.4925901143197841,
  "mse": 0.4167650081170934,
  "mre": 0.5713334047419047,
  "inference_time": 0.022732973098754883
}