{
  "mae": 0.758650672627005,
  "mse": 1.4250987408730968,
  "mre": 0.9679613167591089,
  "inference_time": 0.16114449501037598
}