{
  "mae": 0.20707344608192033,
  "mse": 0.38927024742699856,
  "mre": 0.2575928333657765,
  "inference_time": 2.6337997913360596
}