{
  "mae": 0.559068654766286,
  "mse": 0.6697557190753797,
  "mre": 0.7913920173265547,
  "inference_time": 0.4362313747406006
}