{
  "mae": 0.26148255344486704,
  "mse": 0.25158490077156515,
  "mre": 0.3701427431179084,
  "inference_time": 0.7133569717407227
}