{
  "mae": 0.29080412790368093,
  "mse": 0.5781356781921594,
  "mre": 0.36175115969016164,
  "inference_time": 2.2827608585357666
}