{
  "mae": 0.5708395464829287,
  "mse": 0.7355160636697858,
  "mre": 0.7283333673961596,
  "inference_time": 0.027292251586914062
}