{
  "mae": 0.26367577402664605,
  "mse": 0.25642579102368157,
  "mre": 0.37324736586121315,
  "inference_time": 0.828972339630127
}