{
  "mae": 0.3343969888580334,
  "mse": 0.2466901781548112,
  "mre": 0.3878522216052269,
  "inference_time": 0.057892799377441406
}