{
  "mae": 0.27292484658438876,
  "mse": 0.4014570781745154,
  "mre": 0.3626873199705624,
  "inference_time": 4.169294834136963
}