{
  "mae": 0.2523885442000147,
  "mse": 0.3642418659786488,
  "mre": 0.3353968164964103,
  "inference_time": 4.7975099086761475
}