{
  "mae": 0.22505626829274714,
  "mse": 0.32677286659191646,
  "mre": 0.29907520627453654,
  "inference_time": 6.67561674118042
}