{
  "mae": 0.5090949724245643,
  "mse": 0.5587725771852964,
  "mre": 0.5904766569137588,
  "inference_time": 0.009985208511352539
}