{
  "mae": 0.3246270935155487,
  "mse": 0.30824471465116304,
  "mre": 0.45952726597330734,
  "inference_time": 0.23576974868774414
}