{
  "mae": 0.2771455554089453,
  "mse": 0.26023860426039336,
  "mre": 0.3923145723128819,
  "inference_time": 0.32816529273986816
}