{
  "mae": 0.11557513293497257,
  "mse": 0.20045344874214333,
  "mre": 0.15358673182020344,
  "inference_time": 2.085556745529175
}