{
  "mae": 0.4486431816414349,
  "mse": 0.4861442347573619,
  "mre": 0.5203613085808672,
  "inference_time": 0.010146141052246094
}