{
  "mae": 0.16119765668303268,
  "mse": 0.335174771988612,
  "mre": 0.20052479882176213,
  "inference_time": 6.247281789779663
}