{
  "mae": 0.2728122236347557,
  "mse": 0.37981747391638504,
  "mre": 0.3625376563679964,
  "inference_time": 0.27282023429870605
}