{
  "mae": 0.5043012446933813,
  "mse": 0.983865694521428,
  "mre": 0.6273348367374173,
  "inference_time": 24.36744713783264
}