{
  "mae": 0.8108426310497668,
  "mse": 1.205017690665698,
  "mre": 1.0775213193438171,
  "inference_time": 0.0927891731262207
}