{
  "mae": 0.7423290549361464,
  "mse": 1.0496693322752493,
  "mre": 0.986474257805707,
  "inference_time": 0.10116815567016602
}