{
  "mae": 0.1429587754859414,
  "mse": 0.28971972550452246,
  "mre": 0.17783620608388945,
  "inference_time": 10.75702953338623
}