{
  "mae": 0.10604467542876093,
  "mse": 0.1883375265179032,
  "mre": 0.14092179444172825,
  "inference_time": 2.145338773727417
}