{
  "mae": 0.1578793298253771,
  "mse": 0.06700900064766627,
  "mre": 0.1831172255092088,
  "inference_time": 0.044118642807006836
}