{
  "mae": 0.17605329785877152,
  "mse": 0.33764716713959086,
  "mre": 0.21900474772071454,
  "inference_time": 21.735750675201416
}