{
  "mae": 0.21389917307570827,
  "mse": 0.2676472368739669,
  "mre": 0.28424864499378116,
  "inference_time": 0.16321802139282227
}