{
  "mae": 0.3951765917100224,
  "mse": 0.8130040894031393,
  "mre": 0.49158721151597734,
  "inference_time": 16.019776821136475
}