{
  "mae": 0.12168315440328796,
  "mse": 0.21303598407083374,
  "mre": 0.16170362540607558,
  "inference_time": 0.558112382888794
}