{
  "mae": 0.3678373442657025,
  "mse": 0.6113880114509587,
  "mre": 0.45757805030037474,
  "inference_time": 0.1726081371307373
}