{
  "mae": 0.5083698919827092,
  "mse": 0.4640561407999791,
  "mre": 0.5896356682996677,
  "inference_time": 0.5440995693206787
}