{
  "mae": 0.7023706044561383,
  "mse": 0.8939431252592281,
  "mre": 0.8146484819101414,
  "inference_time": 0.2783336639404297
}