{
  "mae": 0.38306998221416694,
  "mse": 0.6994649881270313,
  "mre": 0.4765269712896342,
  "inference_time": 0.6269395351409912
}