{
  "mae": 0.295743811728795,
  "mse": 0.17406145599757614,
  "mre": 0.34302011748589195,
  "inference_time": 3.89310622215271
}