{
  "mae": 0.3035006305404651,
  "mse": 0.4082897564564185,
  "mre": 0.4033191982250012,
  "inference_time": 0.12739253044128418
}