{
  "mae": 0.1404083264610768,
  "mse": 0.056035804827645405,
  "mre": 0.16285338434348268,
  "inference_time": 0.06163811683654785
}