{
  "mae": 0.3295771111130357,
  "mse": 0.6317129906653901,
  "mre": 0.4099835274414095,
  "inference_time": 0.8562362194061279
}