{
  "mae": 0.256912513899244,
  "mse": 0.1847324285032522,
  "mre": 0.32779431195215025,
  "inference_time": 0.046355247497558594
}