{
  "mae": 0.5655013392211268,
  "mse": 0.8253183516245038,
  "mre": 0.6369011063911505,
  "inference_time": 0.023331165313720703
}