{
  "mae": 0.20465503061326984,
  "mse": 0.09917178761163026,
  "mre": 0.23737028421551096,
  "inference_time": 0.019238710403442383
}