{
  "mae": 0.33138454568578896,
  "mse": 0.2202062365525196,
  "mre": 0.3843582225091091,
  "inference_time": 0.038611412048339844
}