{
  "mae": 0.8652756895479051,
  "mse": 1.3391586170805678,
  "mre": 1.0035948578311709,
  "inference_time": 0.03348040580749512
}