{
  "mae": 0.8021069697003099,
  "mse": 1.5091312813358193,
  "mre": 0.9977957623103452,
  "inference_time": 2.903946876525879
}