{
  "mae": 0.39885067714500766,
  "mse": 0.8029521215451866,
  "mre": 0.4961576578727322,
  "inference_time": 11.17152190208435
}