{
  "mae": 0.2792414851526855,
  "mse": 0.16484902064269227,
  "mre": 0.3238798015217541,
  "inference_time": 0.03382301330566406
}