{
  "mae": 0.3774529139028202,
  "mse": 0.3766196375890117,
  "mre": 0.5343050811965373,
  "inference_time": 0.14653563499450684
}