{
  "mae": 0.5506992284710699,
  "mse": 0.569738653080931,
  "mre": 0.6387315864541695,
  "inference_time": 0.033120155334472656
}