{
  "mae": 0.8910035141668391,
  "mse": 1.4360631043265237,
  "mre": 1.0334354194032118,
  "inference_time": 1.891442060470581
}