{
  "mae": 0.2187077937945706,
  "mse": 0.2133195328316463,
  "mre": 0.309592749764305,
  "inference_time": 0.6352353096008301
}