{
  "mae": 0.07498665057168125,
  "mse": 0.10660906507611888,
  "mre": 0.0996490706865813,
  "inference_time": 2.274940252304077
}