{
  "mae": 0.33717587846436636,
  "mse": 0.286290936487685,
  "mre": 0.43020222491549887,
  "inference_time": 0.11303186416625977
}