{
  "mae": 0.3010871036706858,
  "mse": 0.25089674729567296,
  "mre": 0.3841566083624259,
  "inference_time": 0.32901978492736816
}