{
  "mae": 0.30022345297270314,
  "mse": 0.1742963818582149,
  "mre": 0.34821585448812253,
  "inference_time": 3.622993230819702
}