{
  "mae": 0.12517148092027452,
  "mse": 0.0749884683474843,
  "mre": 0.15970611490098313,
  "inference_time": 0.04247689247131348
}