{
  "mae": 0.16797134573565167,
  "mse": 0.31032273138116956,
  "mre": 0.20895105428047792,
  "inference_time": 32.9387686252594
}