{
  "mae": 0.19227394227782865,
  "mse": 0.26833023327200656,
  "mre": 0.25551107456007316,
  "inference_time": 0.15489649772644043
}