{
  "mae": 0.3457856718541357,
  "mse": 0.5872099271560304,
  "mre": 0.4301464655924918,
  "inference_time": 0.10089874267578125
}