{
  "mae": 0.23309090476859923,
  "mse": 0.22155206443559688,
  "mre": 0.3299528238126822,
  "inference_time": 0.3134591579437256
}