{
  "mae": 0.6912427078040311,
  "mse": 0.8914258682146162,
  "mre": 0.978491561505965,
  "inference_time": 0.24153685569763184
}