{
  "mae": 0.2229829019390021,
  "mse": 0.21325045207654328,
  "mre": 0.31564439732112465,
  "inference_time": 1.0529358386993408
}