{
  "mae": 0.3329451059663308,
  "mse": 0.3867088386869229,
  "mre": 0.44244769097234177,
  "inference_time": 0.311032772064209
}