{
  "mae": 0.7213708916327507,
  "mse": 1.0674454931498856,
  "mre": 0.8366860714762215,
  "inference_time": 3.72554874420166
}