{
  "mae": 0.45302019471303384,
  "mse": 0.384941211828598,
  "mre": 0.5254380117222806,
  "inference_time": 1.1242156028747559
}