{
  "mae": 0.22216607465058397,
  "mse": 0.20896572369002336,
  "mre": 0.31448813397121667,
  "inference_time": 1.1833007335662842
}