{
  "mae": 0.15901748742209132,
  "mse": 0.2801067444305823,
  "mre": 0.21131687738711669,
  "inference_time": 0.7736611366271973
}