{
  "mae": 0.20936463482088924,
  "mse": 0.19906888950716173,
  "mre": 0.2963670012531933,
  "inference_time": 0.5478787422180176
}