{
  "mae": 0.7039542083690257,
  "mse": 1.3173244761091936,
  "mre": 0.8756968241200862,
  "inference_time": 4.374375820159912
}