{
  "mae": 0.4455202572686503,
  "mse": 0.750732071266156,
  "mre": 0.5542131430327382,
  "inference_time": 12.908210039138794
}