{
  "mae": 0.23113720843466726,
  "mse": 0.34140101880073276,
  "mre": 0.3071561117346867,
  "inference_time": 1.270317554473877
}