{
  "mae": 0.2661973063600855,
  "mse": 0.3815209037406694,
  "mre": 0.353747153604316,
  "inference_time": 0.3701446056365967
}