{
  "mae": 0.654069716751945,
  "mse": 0.8530702533611277,
  "mre": 0.8691872345499998,
  "inference_time": 6.771162509918213
}