{
  "mae": 0.3233465573661172,
  "mse": 0.28856367380321873,
  "mre": 0.41255741374859806,
  "inference_time": 0.11253929138183594
}