{
  "mae": 0.5179936963312421,
  "mse": 0.5761277368656158,
  "mre": 0.6609074221703382,
  "inference_time": 0.3606574535369873
}