{
  "mae": 0.34197252387978383,
  "mse": 0.6340968355546598,
  "mre": 0.4254030298244519,
  "inference_time": 26.439526557922363
}