{
  "mae": 0.36994374980259626,
  "mse": 0.5167689958334649,
  "mre": 0.4916148486842774,
  "inference_time": 0.12819743156433105
}