{
  "mae": 0.2322614955095082,
  "mse": 0.2230924418725301,
  "mre": 0.3287787500005566,
  "inference_time": 0.34665441513061523
}