{
  "mae": 0.21215413915060527,
  "mse": 0.2022503085016627,
  "mre": 0.3003156959975946,
  "inference_time": 1.1887016296386719
}