{
  "mae": 0.168141523931606,
  "mse": 0.1185651596364343,
  "mre": 0.2145315318091595,
  "inference_time": 0.1255347728729248
}