{
  "mae": 0.10109632899768906,
  "mse": 0.18968926923107293,
  "mre": 0.13434598235341247,
  "inference_time": 1.1019277572631836
}