{
  "mae": 0.4511024421468343,
  "mse": 0.83933395243884,
  "mre": 0.5611572048926743,
  "inference_time": 15.547887325286865
}