{
  "mae": 0.4803234872200247,
  "mse": 1.0107699163538333,
  "mre": 0.5975072629843061,
  "inference_time": 19.27672815322876
}