{
  "mae": 0.21141101575576177,
  "mse": 0.20164509775687958,
  "mre": 0.29926376450840464,
  "inference_time": 0.41999149322509766
}