{
  "mae": 0.182313646355597,
  "mse": 0.33826330374801594,
  "mre": 0.22679242372489175,
  "inference_time": 34.647916316986084
}