{
  "mae": 0.7305466011023025,
  "mse": 1.1704018745459714,
  "mre": 0.9708166632072158,
  "inference_time": 1.6122181415557861
}