{
  "mae": 0.7239600228168854,
  "mse": 1.339628316242977,
  "mre": 0.9005834260718182,
  "inference_time": 6.531217813491821
}