{
  "mae": 0.7137767181161976,
  "mse": 1.3458304267655137,
  "mre": 0.8879157163267479,
  "inference_time": 3.1490373611450195
}