{
  "mae": 0.09695729679916407,
  "mse": 0.19221383694976996,
  "mre": 0.12884566050971866,
  "inference_time": 0.7948157787322998
}