{
  "mae": 0.14582576775246806,
  "mse": 0.1283346134563965,
  "mre": 0.18605889016391344,
  "inference_time": 0.017951250076293945
}