{
  "mae": 0.7308325075276628,
  "mse": 1.1698381223482097,
  "mre": 0.9711966016278984,
  "inference_time": 1.0811002254486084
}