{
  "mae": 0.3045262937441737,
  "mse": 0.4659541343598045,
  "mre": 0.3788211010353655,
  "inference_time": 0.45584535598754883
}