{
  "mae": 0.1187224778208536,
  "mse": 0.2620365615394548,
  "mre": 0.14768701648969837,
  "inference_time": 37.06456255912781
}