{
  "mae": 0.6635149051628919,
  "mse": 0.8827018906817915,
  "mre": 0.9392413522854587,
  "inference_time": 4.512377023696899
}