{
  "mae": 0.848166251765994,
  "mse": 1.239335378538469,
  "mre": 0.9837503805325196,
  "inference_time": 0.0480799674987793
}