{
  "mae": 0.6916886673385003,
  "mse": 0.9292278756545517,
  "mre": 0.8022589772789197,
  "inference_time": 0.039296627044677734
}