{
  "mae": 0.12636986890088225,
  "mse": 0.21793484590663592,
  "mre": 0.1679317572228469,
  "inference_time": 2.61257004737854
}