{
  "mae": 0.10058073372663198,
  "mse": 0.2078055173480764,
  "mre": 0.12511925924293565,
  "inference_time": 19.88116955757141
}