{
  "mae": 0.28957998569480853,
  "mse": 0.39569469832759546,
  "mre": 0.3848201812446175,
  "inference_time": 0.1658482551574707
}