{
  "mae": 0.36776884290460776,
  "mse": 0.36501842302425513,
  "mre": 0.5205967532159376,
  "inference_time": 0.14661192893981934
}