{
  "mae": 0.09386148746134199,
  "mse": 0.21158948482496032,
  "mre": 0.1167607288938839,
  "inference_time": 28.121662139892578
}