{
  "mae": 0.2534578386916391,
  "mse": 0.1832558095626799,
  "mre": 0.32338649675658876,
  "inference_time": 0.11882400512695312
}