{
  "mae": 0.13753069984818925,
  "mse": 0.055282921872164666,
  "mre": 0.15951575298929427,
  "inference_time": 0.04422593116760254
}