{
  "mae": 0.509897302698206,
  "mse": 0.6750889530888309,
  "mre": 0.5742765466862366,
  "inference_time": 0.053266286849975586
}