{
  "mae": 0.36686899232682346,
  "mse": 0.37984747573092165,
  "mre": 0.5193229658948743,
  "inference_time": 0.10206437110900879
}