{
  "mae": 0.15002346473924844,
  "mse": 0.06347991677548862,
  "mre": 0.17400555636203385,
  "inference_time": 0.0379939079284668
}