{
  "mae": 0.3640533662445561,
  "mse": 0.26296092048812725,
  "mre": 0.4222493371217458,
  "inference_time": 0.589719295501709
}