{
  "mae": 0.3231358632958315,
  "mse": 0.20861787293670278,
  "mre": 0.37479094201060215,
  "inference_time": 0.3104560375213623
}