{
  "mae": 0.6994425976227325,
  "mse": 1.1763342683690765,
  "mre": 0.9294828388832652,
  "inference_time": 1.119960069656372
}