{
  "mae": 0.47177815721732297,
  "mse": 0.6538940078189271,
  "mre": 0.6019410813898887,
  "inference_time": 0.04677534103393555
}