{
  "mae": 0.29187234493273007,
  "mse": 0.16991722964488926,
  "mre": 0.33852977502541565,
  "inference_time": 3.6022555828094482
}