{
  "mae": 0.7981280391020634,
  "mse": 1.4455446645650147,
  "mre": 0.9928460981889368,
  "inference_time": 1.8593096733093262
}