{
  "mae": 0.4786559751263643,
  "mse": 0.5294642046782405,
  "mre": 0.6775635058971761,
  "inference_time": 0.14355063438415527
}