{
  "mae": 0.8005692091585439,
  "mse": 1.303412014594566,
  "mre": 0.9285446839137155,
  "inference_time": 2.4706170558929443
}