{
  "mae": 0.26526245815329674,
  "mse": 0.36402589397627927,
  "mre": 0.32997812840882795,
  "inference_time": 0.3066549301147461
}