{
  "mae": 0.3284476585529465,
  "mse": 0.5213999828361593,
  "mre": 0.40857852409302986,
  "inference_time": 0.6302127838134766
}