{
  "mae": 0.6865835942352843,
  "mse": 1.0086722755651012,
  "mre": 0.9123946274783576,
  "inference_time": 0.31054234504699707
}