{
  "mae": 0.5473507270611152,
  "mse": 0.7447953804460151,
  "mre": 0.616458811802936,
  "inference_time": 0.05312705039978027
}