{
  "mae": 0.5630365526197979,
  "mse": 0.6641096223943315,
  "mre": 0.7970087920465563,
  "inference_time": 4.606957912445068
}