{
  "mae": 0.2444506966493983,
  "mse": 0.21536346523421424,
  "mre": 0.3118942970050829,
  "inference_time": 0.07406330108642578
}