{
  "mae": 0.2521019669578774,
  "mse": 0.23845746009973431,
  "mre": 0.35686401393079564,
  "inference_time": 0.37184643745422363
}