{
  "mae": 0.12353525667806453,
  "mse": 0.06744576834298512,
  "mre": 0.15761845871197788,
  "inference_time": 0.1755080223083496
}