{
  "mae": 0.10694823114041285,
  "mse": 0.043654877675604484,
  "mre": 0.1364550963637366,
  "inference_time": 0.035462141036987305
}