{
  "mae": 0.49020122176187525,
  "mse": 0.6959848063958562,
  "mre": 0.642463127211356,
  "inference_time": 0.03737306594848633
}