{
  "mae": 0.6609791063327558,
  "mse": 0.8268671142654186,
  "mre": 0.9356517914424266,
  "inference_time": 3.042837381362915
}