{
  "mae": 0.6208343359695808,
  "mse": 0.7293546227494924,
  "mre": 0.8788246906347348,
  "inference_time": 1.4168250560760498
}