{
  "mae": 0.6203903763152608,
  "mse": 0.7215651854811442,
  "mre": 0.8781962416536507,
  "inference_time": 2.2316243648529053
}