{
  "mae": 0.2669891832617416,
  "mse": 0.32066295333770256,
  "mre": 0.3547994715401967,
  "inference_time": 0.30193614959716797
}