{
  "mae": 0.1039401972754335,
  "mse": 0.2220047970755293,
  "mre": 0.13812517276759673,
  "inference_time": 1.6146693229675293
}