{
  "mae": 0.39295498488577113,
  "mse": 0.3940340628089324,
  "mre": 0.5562491038551955,
  "inference_time": 0.13204622268676758
}