{
  "mae": 0.15120480259341942,
  "mse": 0.06869401777497665,
  "mre": 0.17537573769282655,
  "inference_time": 0.017945528030395508
}