{
  "mae": 0.30577823444304736,
  "mse": 0.23631718879614258,
  "mre": 0.3546585989074487,
  "inference_time": 0.013955116271972656
}