{
  "mae": 0.07962387019256077,
  "mse": 0.1645750197568249,
  "mre": 0.10581142921663059,
  "inference_time": 2.247812032699585
}