{
  "mae": 0.10163787327403324,
  "mse": 0.17075136142783445,
  "mre": 0.13506563556450968,
  "inference_time": 0.864124059677124
}