{
  "mae": 0.1071510617360475,
  "mse": 0.13400330725300844,
  "mre": 0.14239206103586122,
  "inference_time": 0.6129965782165527
}