{
  "mae": 0.5955652362013196,
  "mse": 0.7042421615994904,
  "mre": 0.8430549087463367,
  "inference_time": 3.743577241897583
}