{
  "mae": 0.6018610789099693,
  "mse": 0.7232056040548419,
  "mre": 0.8519670157290683,
  "inference_time": 1.1047532558441162
}