{
  "mae": 0.4248415510662377,
  "mse": 0.4219492804581983,
  "mre": 0.6013862685308388,
  "inference_time": 1.7596328258514404
}