{
  "mae": 0.3413219660943287,
  "mse": 0.5895203041149127,
  "mre": 0.4245937564656782,
  "inference_time": 0.15950417518615723
}