{
  "mae": 0.22799602132750071,
  "mse": 0.33456893684264555,
  "mre": 0.30298181706096206,
  "inference_time": 1.209545612335205
}