{
  "mae": 0.4949149617563143,
  "mse": 0.6779213533606013,
  "mre": 0.6576879435461349,
  "inference_time": 3.2512199878692627
}