{
  "mae": 0.5570641999752587,
  "mse": 0.788910581367192,
  "mre": 0.7402774949553774,
  "inference_time": 5.116353750228882
}