{
  "mae": 0.22497027428592484,
  "mse": 0.3295246131215586,
  "mre": 0.29896092962930537,
  "inference_time": 1.3509654998779297
}