{
  "mae": 0.70693119097628,
  "mse": 1.0438835107334996,
  "mre": 0.9394343617575585,
  "inference_time": 2.678680419921875
}