{
  "mae": 0.8524627115952921,
  "mse": 1.294871244426586,
  "mre": 0.9887336535444016,
  "inference_time": 0.06045079231262207
}