model_dataset,total_trials,completed,failed,valid,success_rate,best_mae,best_mse,best_mre
HELIX_Gated_BeijingAir,25,25,0,25,100.0%,0.09248450832978007,0.17824521888127348,0.12290181302548266
HELIX_Gated_ETT_h1,25,25,0,25,100.0%,0.12874632067622999,0.05458304912704789,0.14932714157594953
HELIX_Gated_ItalyAir,25,25,0,25,100.0%,0.11266241226604273,0.07768599754593979,0.14374581195410444
HELIX_Gated_PeMS,25,25,2,23,92.0%,0.0925132857377932,0.2056684764808143,0.11508360848811172
HELIX_Gated_PhysioNet2012,25,25,0,25,100.0%,0.21329416596168913,0.19991701486437097,0.3019294658094743
