{
  "mae": 0.33803431847672744,
  "mse": 0.3770631981512481,
  "mre": 0.4492106986986672,
  "inference_time": 0.23810601234436035
}