{
  "mae": 0.7947839934588445,
  "mse": 1.4837082280932705,
  "mre": 0.9886862109197576,
  "inference_time": 0.9348070621490479
}