{
  "mae": 0.1784114068286891,
  "mse": 0.3598284541048348,
  "mre": 0.2219381608764797,
  "inference_time": 7.599892616271973
}