{
  "mae": 0.3314137680449145,
  "mse": 0.2961696937024372,
  "mre": 0.42285035640715024,
  "inference_time": 0.15224170684814453
}