{
  "mae": 0.30303671368842544,
  "mse": 0.2581880005334738,
  "mre": 0.38664411301776785,
  "inference_time": 0.25619029998779297
}