{
  "mae": 0.15898414469562974,
  "mse": 0.20653704149689944,
  "mre": 0.21127256854439974,
  "inference_time": 0.04503035545349121
}