{
  "mae": 0.19417479641093668,
  "mse": 0.18297034485776403,
  "mre": 0.2580371021453951,
  "inference_time": 11.009399652481079
}