{
  "mae": 0.7833997119939029,
  "mse": 1.4095759862122395,
  "mre": 0.9745245239730513,
  "inference_time": 0.5713052749633789
}