{
  "mae": 0.6677721504516696,
  "mse": 0.8604018139177786,
  "mre": 0.9452677140008158,
  "inference_time": 0.2187657356262207
}