{
  "mae": 0.1421448443405662,
  "mse": 0.2490851158891591,
  "mre": 0.18889497708510064,
  "inference_time": 1.0671803951263428
}