{
  "mae": 0.4995542223835378,
  "mse": 1.0066496104280567,
  "mre": 0.621429690761533,
  "inference_time": 15.087050437927246
}