{
  "mae": 0.2280338515422262,
  "mse": 0.4108762652427502,
  "mre": 0.2836669164178337,
  "inference_time": 1.2138266563415527
}