{
  "mae": 0.35231940989962074,
  "mse": 0.33797795386968327,
  "mre": 0.4987272424713594,
  "inference_time": 0.22500085830688477
}