{
  "mae": 0.19653637916254235,
  "mse": 0.1399797245780414,
  "mre": 0.25076048730899153,
  "inference_time": 0.03343319892883301
}