{
  "mae": 0.11489486111988462,
  "mse": 0.2077442270919533,
  "mre": 0.15268272485801768,
  "inference_time": 1.646451473236084
}