trial_id,completed,failed,fail_reason,n_steps,n_features,epochs,patience,d_block_hidden,n_residual_layers,d_residual_hidden,d_embedding,n_embeddings,commitment_cost,compression_factor,batch_size,lr,mae,mse,mre,inference_time
24,True,False,,12,13,1000,10,24,1,8,24,256,0.5,4,32,0.000252167662247643,0.784312855113636,1.5718078738816326,1.0007036589818576,0.02731490135192871
10,True,False,,12,13,1000,10,32,2,12,32,128,0.25,4,32,0.0001310349054793579,0.7858336372956085,1.5727786115538867,1.002644022810006,0.029613494873046875
3,True,False,,12,13,1000,10,24,1,8,16,256,0.25,4,32,0.0003047085466756843,0.787393385566639,1.6203703666508118,1.0046341034158945,0.029165029525756836
6,True,False,,12,13,1000,10,24,2,16,32,256,0.1,4,32,0.00010856839974223418,0.8093961702360137,1.6851491798642528,1.0327074251559074,0.03162574768066406
11,True,False,,12,13,1000,10,32,1,8,24,64,0.25,4,16,0.0004973414628508052,0.8116123163371551,1.69025875893408,1.035535002821875,0.04126095771789551
13,True,False,,12,13,1000,10,16,3,12,32,256,0.25,4,8,0.0004113232944210664,0.8319232898305735,1.7414810889937262,1.0614497450829878,0.08131980895996094
4,True,False,,12,13,1000,10,32,1,12,24,256,0.1,4,16,0.00010900710492359891,0.8629867949146438,1.817184969212772,1.1010836271438993,0.03891634941101074
