{
  "mae": 0.1218812315614073,
  "mse": 0.05999762763804438,
  "mre": 0.15550809041252298,
  "inference_time": 0.0353703498840332
}