{
  "mae": 0.14892422361106725,
  "mse": 0.2388270302317257,
  "mre": 0.19790403188334799,
  "inference_time": 0.8740112781524658
}