{
  "mae": 0.5155647745507503,
  "mse": 0.5845015159662461,
  "mre": 0.7298099142488959,
  "inference_time": 0.6025097370147705
}