{
  "mae": 0.25247552522556665,
  "mse": 0.3265884997183707,
  "mre": 0.3355124047817589,
  "inference_time": 0.16597318649291992
}