{
  "mae": 0.7406729197593254,
  "mse": 1.1634641198951392,
  "mre": 0.9842734349920006,
  "inference_time": 0.09853148460388184
}