Model,XGB_MAE,XGB_MSE,XGB_MRE,RNN_MAE,RNN_MSE,RNN_MRE,Transformer_MAE,Transformer_MSE,Transformer_MRE,Avg_Rank,Category,Global_Rank
Naive_linear_interpolation,0.1903,0.0646,0.1939,0.16,0.0476,0.1822,0.2813,0.122,0.2642,1.6666666666666667,Naive,1
Naive_locf,0.2112,0.0772,0.2239,0.2006,0.0685,0.2123,0.2702,0.1166,0.2723,2.2222222222222223,Naive,2
Naive_median,0.3037,0.1554,0.3328,0.2104,0.0726,0.2647,0.2619,0.1046,0.2932,2.888888888888889,Naive,3
Naive_mean,0.4109,0.2531,0.3716,0.2099,0.0729,0.2638,0.265,0.1096,0.286,3.2222222222222223,Naive,4
