{
  "mae": 0.23432131623043534,
  "mse": 0.225792896554304,
  "mre": 0.3316945380022056,
  "inference_time": 0.23014163970947266
}