{
  "mae": 0.29430740762760543,
  "mse": 0.2778607058072089,
  "mre": 0.4166081053746905,
  "inference_time": 0.4602799415588379
}