{
  "mae": 0.20461480195798196,
  "mse": 0.26308663458197784,
  "mre": 0.27191072955500095,
  "inference_time": 0.15303945541381836
}