{
  "mae": 0.11199602823663182,
  "mse": 0.2089098139601297,
  "mre": 0.148830492484794,
  "inference_time": 0.8331172466278076
}