{
  "mae": 0.3858074249938432,
  "mse": 0.29093451482139143,
  "mre": 0.4474809040794963,
  "inference_time": 0.029789447784423828
}