{
  "mae": 0.3196924273674045,
  "mse": 0.21164450532714632,
  "mre": 0.37079705355079107,
  "inference_time": 0.03762412071228027
}