{
  "mae": 0.268424925895756,
  "mse": 0.25247283715692564,
  "mre": 0.3799700480331483,
  "inference_time": 0.6178023815155029
}