{
  "mae": 0.28859430388936924,
  "mse": 0.2781878312304061,
  "mre": 0.40852089702549643,
  "inference_time": 0.46306943893432617
}