{
  "mae": 0.13807200561674074,
  "mse": 0.06284072103935813,
  "mre": 0.1761658760567137,
  "inference_time": 0.04727745056152344
}