{
  "mae": 0.09133368821263751,
  "mse": 0.04070396533183038,
  "mre": 0.11653252319758575,
  "inference_time": 0.11379718780517578
}