{
  "mae": 0.1414817072750868,
  "mse": 0.050144937610982196,
  "mre": 0.16409835109621546,
  "inference_time": 0.024898767471313477
}