{
  "mae": 0.35865572288113173,
  "mse": 0.5839571136246252,
  "mre": 0.4461564029955449,
  "inference_time": 0.3267843723297119
}