{
  "mae": 0.22516600752410817,
  "mse": 0.11237701327412117,
  "mre": 0.2611600557362692,
  "inference_time": 0.0762178897857666
}