{
  "mae": 0.1442331709723237,
  "mse": 0.29507087760764406,
  "mre": 0.17942151385935337,
  "inference_time": 8.123308420181274
}