{
  "mae": 0.1933883233896158,
  "mse": 0.1419520062313605,
  "mre": 0.24674388741507533,
  "inference_time": 0.0754537582397461
}