{
  "mae": 0.3965283179751077,
  "mse": 0.7298476433574362,
  "mre": 0.49326871634021496,
  "inference_time": 23.72869563102722
}