{
  "mae": 0.8061863835630244,
  "mse": 1.5528034141870952,
  "mre": 1.0028704244423141,
  "inference_time": 31.92478370666504
}