{
  "mae": 0.8596961689505345,
  "mse": 1.8086825284090902,
  "mre": 1.096885122145345,
  "inference_time": 0.03376579284667969
}