{
  "mae": 0.15618578209390102,
  "mse": 0.23744269533758672,
  "mre": 0.20755385020479622,
  "inference_time": 2.039271354675293
}