{
  "mae": 0.3967590062923585,
  "mse": 0.7012368791098738,
  "mre": 0.4935556853282208,
  "inference_time": 0.351961612701416
}