{
  "mae": 0.13134979034637234,
  "mse": 0.08333026190835816,
  "mre": 0.16758901113136862,
  "inference_time": 0.09871459007263184
}