{
  "mae": 0.2933523098856565,
  "mse": 0.23411672412490994,
  "mre": 0.37428779594696765,
  "inference_time": 0.05886077880859375
}