{
  "mae": 0.24085945818872329,
  "mse": 0.23053093044778736,
  "mre": 0.3409496327205814,
  "inference_time": 0.5234723091125488
}