{
  "mae": 0.3002331234122251,
  "mse": 0.17974400371992943,
  "mre": 0.34822707080159865,
  "inference_time": 3.9647886753082275
}