{
  "mae": 0.13585825748044267,
  "mse": 0.3145682969297196,
  "mre": 0.1690033857198649,
  "inference_time": 11.44179368019104
}