{
  "mae": 0.5631145695412123,
  "mse": 0.7759386609484262,
  "mre": 0.7184770802771553,
  "inference_time": 0.058805227279663086
}