{
  "mae": 0.23161033870543832,
  "mse": 0.22215957640009815,
  "mre": 0.3278570022109507,
  "inference_time": 0.1966557502746582
}