{
  "mae": 0.3741861414953369,
  "mse": 0.3828518300231798,
  "mre": 0.5296807875902615,
  "inference_time": 0.21934175491333008
}