{
  "mae": 0.11266241226604273,
  "mse": 0.07768599754593979,
  "mre": 0.14374581195410444,
  "inference_time": 0.0568084716796875
}