{
  "mae": 0.26931619663942596,
  "mse": 0.15498212183822188,
  "mre": 0.3123679000148453,
  "inference_time": 0.038283586502075195
}