{
  "mae": 0.2865498818484938,
  "mse": 0.16843984217032604,
  "mre": 0.3323564863882107,
  "inference_time": 0.03657817840576172
}