{
  "mae": 0.3557913680137908,
  "mse": 0.23182357351397234,
  "mre": 0.41266661217065126,
  "inference_time": 0.23548030853271484
}