{
  "mae": 0.3449859429275973,
  "mse": 0.2237023282772967,
  "mre": 0.40013387932703043,
  "inference_time": 1.4134693145751953
}