{
  "mae": 0.6708373280928652,
  "mse": 0.8683920678707615,
  "mre": 0.9496066392763604,
  "inference_time": 0.4353814125061035
}