{
  "mae": 0.10107816168419612,
  "mse": 0.20523952312519084,
  "mre": 0.134321839977501,
  "inference_time": 0.42909741401672363
}