{
  "mae": 0.2659041900195392,
  "mse": 0.1970799962761273,
  "mre": 0.3392667787557901,
  "inference_time": 0.02640056610107422
}