{
  "mae": 0.16335880055147053,
  "mse": 0.08768528099169899,
  "mre": 0.20842926183462715,
  "inference_time": 0.03368949890136719
}