{
  "mae": 0.2712169601710329,
  "mse": 0.22605149690038814,
  "mre": 0.3460453346538176,
  "inference_time": 0.022653579711914062
}