{
  "mae": 0.7104328475564188,
  "mse": 0.9137139495361694,
  "mre": 1.0056562456318696,
  "inference_time": 8.438696384429932
}