{
  "mae": 0.4845704376543588,
  "mse": 0.545775919918449,
  "mre": 0.6859357485395196,
  "inference_time": 4.174222707748413
}