{
  "mae": 0.4147120460612143,
  "mse": 0.41226485638670923,
  "mre": 0.5870474045432018,
  "inference_time": 5.733980178833008
}