{
  "mae": 0.130972090482639,
  "mse": 0.2257922346959456,
  "mre": 0.17404760718039894,
  "inference_time": 1.2831473350524902
}