{
  "mae": 0.6957985788013695,
  "mse": 0.9473529278493367,
  "mre": 0.9849406441159898,
  "inference_time": 0.4541442394256592
}