{
  "mae": 0.12509766629280641,
  "mse": 0.07910534110592989,
  "mre": 0.15961193492253176,
  "inference_time": 0.21515130996704102
}