{
  "mae": 0.11987104970428919,
  "mse": 0.20503338015092173,
  "mre": 0.15929553612797934,
  "inference_time": 1.7024872303009033
}