{
  "mae": 0.21871002569641307,
  "mse": 0.2077229887205048,
  "mre": 0.3095959091424717,
  "inference_time": 0.9632930755615234
}