{
  "mae": 0.496621005199566,
  "mse": 0.5461861469574498,
  "mre": 0.702993980794587,
  "inference_time": 0.37154674530029297
}