{
  "mae": 0.46540872598599187,
  "mse": 0.5017376859318612,
  "mre": 0.6588113059091273,
  "inference_time": 0.38214850425720215
}