{
  "mae": 0.2516631628725685,
  "mse": 0.23484891545123568,
  "mre": 0.35624286293740126,
  "inference_time": 0.5176587104797363
}