{
  "mae": 0.24970326008568425,
  "mse": 0.2293341377147404,
  "mre": 0.3534685141931944,
  "inference_time": 0.18814921379089355
}