{
  "mae": 0.6457784835454684,
  "mse": 0.8252038184363332,
  "mre": 0.7490097933097681,
  "inference_time": 0.03285789489746094
}