{
  "mae": 0.1444360197171588,
  "mse": 0.30125296036884935,
  "mre": 0.17967385129766544,
  "inference_time": 4.109801530838013
}