{
  "mae": 0.5513416436703914,
  "mse": 0.6542092838649414,
  "mre": 0.780454013832796,
  "inference_time": 0.22428083419799805
}