{
  "mae": 0.14185623428426997,
  "mse": 0.05637495372365588,
  "mre": 0.16453274834679754,
  "inference_time": 0.014604806900024414
}