{
  "mae": 0.2361552474708873,
  "mse": 0.22208493504225893,
  "mre": 0.33429056718689704,
  "inference_time": 0.17039966583251953
}