{
  "mae": 0.454704181101527,
  "mse": 0.6404921838845894,
  "mre": 0.5801564194899248,
  "inference_time": 0.17047452926635742
}