{
  "mae": 0.3080142047463106,
  "mse": 0.27562025376966776,
  "mre": 0.39299488679598604,
  "inference_time": 0.16319489479064941
}