{
  "mae": 0.6990991634175555,
  "mse": 0.9198258670506603,
  "mre": 0.9896128007384217,
  "inference_time": 0.3191969394683838
}