{
  "mae": 0.20953112168756513,
  "mse": 0.14741749839444954,
  "mre": 0.2784439816540897,
  "inference_time": 0.05289149284362793
}