{
  "mae": 0.5491709160280039,
  "mse": 0.6713048809393005,
  "mre": 0.7773812310657249,
  "inference_time": 2.3483400344848633
}