{
  "mae": 0.6809250361904118,
  "mse": 0.9164108289352088,
  "mre": 0.9638863374734559,
  "inference_time": 2.5429394245147705
}