{
  "mae": 0.5658148306387442,
  "mse": 0.7902523626095402,
  "mre": 0.637254178995717,
  "inference_time": 0.03370308876037598
}