{
  "mae": 0.7698081301740536,
  "mse": 1.513355225312371,
  "mre": 0.9821971010121268,
  "inference_time": 0.16202139854431152
}