{
  "mae": 0.10181779856329554,
  "mse": 0.18765448899408316,
  "mre": 0.13530473662758308,
  "inference_time": 1.6456894874572754
}