{
  "mae": 0.07380679819842761,
  "mse": 0.1902879372163966,
  "mre": 0.09808117571266599,
  "inference_time": 1.3750104904174805
}