{
  "mae": 0.38405631598176315,
  "mse": 0.2962923686764438,
  "mre": 0.44544987047800505,
  "inference_time": 0.023917198181152344
}