{
  "mae": 0.729837181390354,
  "mse": 1.1722048287588305,
  "mre": 0.9698739218728122,
  "inference_time": 0.9053833484649658
}