{
  "mae": 0.7383526543539178,
  "mse": 1.1450315826177495,
  "mre": 0.9420631040452346,
  "inference_time": 0.0291597843170166
}