{
  "mae": 0.2539355315556468,
  "mse": 0.2997594388601118,
  "mre": 0.3374525937737974,
  "inference_time": 0.23218011856079102
}