{
  "mae": 0.7236211841855911,
  "mse": 1.1704651259962309,
  "mre": 0.9616135403232603,
  "inference_time": 0.4919464588165283
}