{
  "mae": 0.23694238436123805,
  "mse": 0.23351346647725163,
  "mre": 0.33540480216726315,
  "inference_time": 0.7290892601013184
}