{
  "mae": 0.5961019579375677,
  "mse": 1.0791848474780177,
  "mre": 0.7415320275264963,
  "inference_time": 3.1733334064483643
}