{
  "mae": 0.569207873006475,
  "mse": 1.044366461382933,
  "mre": 0.7080766344316264,
  "inference_time": 3.123154878616333
}