{
  "mae": 0.9883030876897756,
  "mse": 1.8992584514781965,
  "mre": 1.3989966484954153,
  "inference_time": 2.6643052101135254
}