{
  "mae": 0.4537696284607008,
  "mse": 0.5032945314120176,
  "mre": 0.5263072466546022,
  "inference_time": 0.010540008544921875
}