{
  "mae": 0.06869205171912342,
  "mse": 0.13936255163752986,
  "mre": 0.091284236129761,
  "inference_time": 2.404884099960327
}