{
  "mae": 0.24002754910760568,
  "mse": 0.12059596285984156,
  "mre": 0.2783972980311904,
  "inference_time": 0.03136563301086426
}