{
  "mae": 0.16830158115953434,
  "mse": 0.0890177291688091,
  "mre": 0.21473574859916883,
  "inference_time": 0.03416562080383301
}