{
  "mae": 0.6895853097268898,
  "mse": 0.941191294136084,
  "mre": 0.9761454245930838,
  "inference_time": 0.9465737342834473
}