{
  "mae": 0.6533193458626791,
  "mse": 0.7992476703681892,
  "mre": 0.9248089848587051,
  "inference_time": 2.209005832672119
}