{
  "mae": 0.4035117555206577,
  "mse": 0.40460181406893947,
  "mre": 0.571192785526437,
  "inference_time": 7.448580741882324
}