{
  "mae": 0.17108674526016818,
  "mse": 0.07004138593701392,
  "mre": 0.19843592032024857,
  "inference_time": 0.012587547302246094
}