{
  "mae": 0.7932360984700562,
  "mse": 1.507661036979416,
  "mre": 0.9867606783927289,
  "inference_time": 22.71397876739502
}