{
  "mae": 0.302144209478481,
  "mse": 0.25606914411989656,
  "mre": 0.3855053681626695,
  "inference_time": 0.21441078186035156
}