{
  "mae": 0.6256138163307279,
  "mse": 1.25738186445907,
  "mre": 0.7982197805760262,
  "inference_time": 0.07096004486083984
}