{
  "mae": 0.2639630084240073,
  "mse": 0.24483220014634036,
  "mre": 0.3736539617367561,
  "inference_time": 0.4856069087982178
}