{
  "mae": 0.7624525895310553,
  "mse": 1.1230153827833365,
  "mre": 0.8843349090198418,
  "inference_time": 0.03075885772705078
}