{
  "mae": 1.061367313756146,
  "mse": 1.9352718052177758,
  "mre": 1.4104412674334734,
  "inference_time": 10.711424589157104
}