{
  "mae": 0.5779488171567544,
  "mse": 0.8192155109335355,
  "mre": 0.7680308707618039,
  "inference_time": 5.462223529815674
}