{
  "mae": 0.22343591254487646,
  "mse": 0.3343892788709559,
  "mre": 0.2969219304150871,
  "inference_time": 2.2737247943878174
}