{
  "mae": 0.25028309029690293,
  "mse": 0.23668179204789436,
  "mre": 0.3542892953202549,
  "inference_time": 0.181199312210083
}