{
  "mae": 0.802893662133733,
  "mse": 1.528432925600262,
  "mre": 0.9987743828758847,
  "inference_time": 51.994375705718994
}