{
  "mae": 0.17310653806771042,
  "mse": 0.07924755575843787,
  "mre": 0.20077858832770512,
  "inference_time": 0.014267921447753906
}