{
  "mae": 0.528003107303034,
  "mse": 0.7505539989976024,
  "mre": 0.5946683763515733,
  "inference_time": 0.014834880828857422
}