{
  "mae": 0.1212869075091069,
  "mse": 0.20497345988887486,
  "mre": 0.16117705655059855,
  "inference_time": 3.2540981769561768
}