{
  "mae": 0.6947202833730026,
  "mse": 0.8984067902459008,
  "mre": 0.9834142584260499,
  "inference_time": 0.22894573211669922
}