{
  "mae": 0.13556586071652296,
  "mse": 0.2757025434814651,
  "mre": 0.1801522262194455,
  "inference_time": 0.5807516574859619
}