{
  "mae": 0.23109846775683057,
  "mse": 0.1316837166810322,
  "mre": 0.2680408529847842,
  "inference_time": 0.017535686492919922
}