{
  "mae": 0.78477733491233,
  "mse": 1.615641711229946,
  "mre": 1.001296288097963,
  "inference_time": 0.16116666793823242
}