{
  "mae": 0.10226577140777823,
  "mse": 0.1803784747994378,
  "mre": 0.13590004362296423,
  "inference_time": 1.671907901763916
}