{
  "mae": 0.21194010918994496,
  "mse": 0.2053337443256329,
  "mre": 0.3000127249744632,
  "inference_time": 0.5838520526885986
}