{
  "mae": 0.7851260853373561,
  "mse": 1.4326624344939658,
  "mre": 0.9766720779419524,
  "inference_time": 0.3781850337982178
}