{
  "mae": 0.36580591110202926,
  "mse": 0.3640375647494159,
  "mre": 0.5178181167356533,
  "inference_time": 0.14131569862365723
}