{
  "mae": 0.34173014860106826,
  "mse": 0.5795324546181754,
  "mre": 0.4251015226251296,
  "inference_time": 0.2180325984954834
}