{
  "mae": 0.6971563826654658,
  "mse": 1.286507902452697,
  "mre": 0.867240543429157,
  "inference_time": 8.483918905258179
}