{
  "mae": 0.5524002017144944,
  "mse": 1.0111250031493286,
  "mre": 0.6871684216583233,
  "inference_time": 8.390344381332397
}