{
  "mae": 0.44972104034105836,
  "mse": 0.5424085577868848,
  "mre": 0.6366045356245031,
  "inference_time": 1.3519115447998047
}