{
  "mae": 0.38719612036142925,
  "mse": 0.29219222889555674,
  "mre": 0.44909159018432787,
  "inference_time": 0.017420053482055664
}