{
  "mae": 0.12303063031674089,
  "mse": 0.23497422318335912,
  "mre": 0.163494273761809,
  "inference_time": 2.2738170623779297
}