{
  "mae": 0.7322528274796543,
  "mse": 1.1682910527410169,
  "mre": 0.9730840517568818,
  "inference_time": 3.3116037845611572
}