{
  "mae": 0.2056663003713448,
  "mse": 0.11015090087991881,
  "mre": 0.2385432111119253,
  "inference_time": 0.0236661434173584
}