{
  "mae": 0.2233312679966415,
  "mse": 0.3732139484828864,
  "mre": 0.29678286923680364,
  "inference_time": 0.4559347629547119
}