{
  "mae": 0.7509847976012954,
  "mse": 1.4416691706730764,
  "mre": 0.9581804376908781,
  "inference_time": 0.11845636367797852
}