{
  "mae": 0.6843547102291628,
  "mse": 0.8710211854732188,
  "mre": 0.9687412271782532,
  "inference_time": 0.18117046356201172
}