{
  "mae": 0.3180339127497042,
  "mse": 0.31346456134628226,
  "mre": 0.4057790180206019,
  "inference_time": 0.01682448387145996
}