{
  "mae": 0.4662052351719134,
  "mse": 0.5047076142759594,
  "mre": 0.6599388078824387,
  "inference_time": 0.11859869956970215
}