{
  "mae": 0.25949542329224073,
  "mse": 0.1696172641266132,
  "mre": 0.3310898423817974,
  "inference_time": 0.034192562103271484
}