{
  "mae": 0.8020942247612809,
  "mse": 1.5095130390075835,
  "mre": 0.9977799080083202,
  "inference_time": 7.810724496841431
}