{
  "mae": 0.29333368047967645,
  "mse": 0.23804818156912014,
  "mre": 0.37426402671431086,
  "inference_time": 0.025739192962646484
}