{
  "mae": 0.5875505755733235,
  "mse": 0.8595139924413818,
  "mre": 0.749654945701398,
  "inference_time": 0.43941736221313477
}