{
  "mae": 0.49077397499100145,
  "mse": 0.804997220151172,
  "mre": 0.6261778183342531,
  "inference_time": 0.08411121368408203
}