{
  "mae": 0.1290727486406703,
  "mse": 0.047614184220961524,
  "mre": 0.14970575087992266,
  "inference_time": 0.026390552520751953
}