{
  "mae": 0.23300978160168437,
  "mse": 0.23270980370053146,
  "mre": 0.3298379895679623,
  "inference_time": 0.7308578491210938
}