{
  "mae": 0.8581884218814804,
  "mse": 1.3050269273641637,
  "mre": 0.9953746507087297,
  "inference_time": 0.037749290466308594
}