{
  "mae": 0.12032573633242265,
  "mse": 0.14754965608977397,
  "mre": 0.15989976500874262,
  "inference_time": 0.30406665802001953
}