{
  "mae": 0.5315233980085414,
  "mse": 0.7537393827003704,
  "mre": 0.7524002117094033,
  "inference_time": 0.44580626487731934
}