{
  "mae": 0.11791866091336826,
  "mse": 0.32149669674800335,
  "mre": 0.14668709361873525,
  "inference_time": 13.09169340133667
}