{
  "mae": 0.43537895927601794,
  "mse": 0.4372056955567409,
  "mre": 0.5554993963832194,
  "inference_time": 0.1273512840270996
}