{
  "mae": 0.2479878735120577,
  "mse": 0.17883573192375174,
  "mre": 0.3164073759452673,
  "inference_time": 0.03786754608154297
}