{
  "mae": 0.4803189996497152,
  "mse": 0.6562606772268927,
  "mre": 0.6295113779293853,
  "inference_time": 0.06837105751037598
}