{
  "mae": 0.3432577205789726,
  "mse": 0.6874125569241137,
  "mre": 0.4270017739678482,
  "inference_time": 0.7855241298675537
}