{
  "mae": 0.39817632674242104,
  "mse": 0.404137353662216,
  "mre": 0.5636401965767383,
  "inference_time": 0.14917469024658203
}