{
  "mae": 0.35528405412021097,
  "mse": 0.5063766345030163,
  "mre": 0.4721337138401314,
  "inference_time": 1.532503366470337
}