{
  "mae": 0.09936129771429607,
  "mse": 0.2684708120228767,
  "mre": 0.12360231931910975,
  "inference_time": 15.910522699356079
}