{
  "mae": 0.5079976706778615,
  "mse": 1.1128228258610264,
  "mre": 0.6319330740328569,
  "inference_time": 17.96719980239868
}