{
  "mae": 0.20274491553751725,
  "mse": 0.2413838405622585,
  "mre": 0.26942585467836344,
  "inference_time": 0.16941070556640625
}