{
  "mae": 0.2831558303525368,
  "mse": 0.3513186241222113,
  "mre": 0.37628318025946644,
  "inference_time": 0.1620934009552002
}