{
  "mae": 0.1446198652134859,
  "mse": 0.07575855702345675,
  "mre": 0.18452028082547525,
  "inference_time": 0.12907624244689941
}