{
  "mae": 0.7037424450009561,
  "mse": 0.9159641405525454,
  "mre": 0.9961856177761409,
  "inference_time": 0.18340778350830078
}