{
  "mae": 0.9185732847643706,
  "mse": 1.4305984350979077,
  "mre": 1.3002903287358352,
  "inference_time": 2.5672996044158936
}