{
  "mae": 1.0447156556554205,
  "mse": 1.7223524849698788,
  "mre": 1.4788516995419927,
  "inference_time": 5.036988019943237
}