{
  "mae": 0.8611237800057027,
  "mse": 1.307958235042513,
  "mre": 0.9987792422798873,
  "inference_time": 0.0393526554107666
}