{
  "mae": 0.8516165734524053,
  "mse": 1.2488939244932078,
  "mre": 0.9877522554773189,
  "inference_time": 0.046439170837402344
}