{
  "mae": 0.29993263095901584,
  "mse": 0.17883621019626833,
  "mre": 0.3478785429456786,
  "inference_time": 3.7473747730255127
}