{
  "mae": 0.2046538917481874,
  "mse": 0.16861759061825118,
  "mre": 0.2611176100991176,
  "inference_time": 0.0978546142578125
}