{
  "mae": 0.4679312237818397,
  "mse": 0.9117618170681011,
  "mre": 0.582091678266629,
  "inference_time": 16.971043348312378
}