{
  "mae": 0.20147289557007783,
  "mse": 0.1376636274456242,
  "mre": 0.25705898158896734,
  "inference_time": 0.02449631690979004
}