{
  "mae": 0.08413140994638514,
  "mse": 0.1799717202683638,
  "mre": 0.11180145736333448,
  "inference_time": 0.31051039695739746
}