{
  "mae": 0.44231120728995255,
  "mse": 0.4414637952810056,
  "mre": 0.5643442417880662,
  "inference_time": 0.1278843879699707
}