{
  "mae": 0.8615875560581706,
  "mse": 1.2982691634695143,
  "mre": 0.9993171555335062,
  "inference_time": 0.05420875549316406
}