{
  "mae": 0.30144823185886294,
  "mse": 0.18707201976293544,
  "mre": 0.34963642114332627,
  "inference_time": 0.04312586784362793
}