{
  "mae": 0.8943872566492116,
  "mse": 1.3430417795390912,
  "mre": 1.0373600720850735,
  "inference_time": 0.03932976722717285
}