{
  "mae": 0.5568218458330239,
  "mse": 0.6834863463825751,
  "mre": 0.7882115373638837,
  "inference_time": 2.3400347232818604
}