{
  "mae": 1.3645446251075428,
  "mse": 2.9865962738002705,
  "mre": 1.9315869605449527,
  "inference_time": 5.02067756652832
}