{
  "mae": 0.8225206393726476,
  "mse": 1.220102525754929,
  "mre": 1.164322597119965,
  "inference_time": 2.5561718940734863
}