{
  "mae": 0.8106875662671859,
  "mse": 1.1085027846406255,
  "mre": 1.1475722400461659,
  "inference_time": 4.5563483238220215
}