{
  "mae": 0.0934951846646242,
  "mse": 0.10220793827908678,
  "mre": 0.12424489151697847,
  "inference_time": 0.5796604156494141
}