{
  "mae": 0.0781894440978912,
  "mse": 0.16096179094219493,
  "mre": 0.10390523356430223,
  "inference_time": 1.5100734233856201
}