{
  "mae": 0.09212793753224262,
  "mse": 0.08220454889789489,
  "mre": 0.12242796937014276,
  "inference_time": 0.5360958576202393
}