{
  "mae": 0.7261588915911268,
  "mse": 1.1726906887285093,
  "mre": 0.9649858763685188,
  "inference_time": 1.277336597442627
}