{
  "mae": 0.204226921831615,
  "mse": 0.17034949769899213,
  "mre": 0.26057283978838836,
  "inference_time": 0.02458667755126953
}