{
  "mae": 0.3247130309729494,
  "mse": 0.22368984784095025,
  "mre": 0.3766202287799092,
  "inference_time": 0.03402256965637207
}