{
  "mae": 0.293981994350438,
  "mse": 0.1864862493438277,
  "mre": 0.34097666372576085,
  "inference_time": 0.02312755584716797
}