{
  "mae": 0.30705510278281367,
  "mse": 0.2915193760886519,
  "mre": 0.4346531595896538,
  "inference_time": 0.26282787322998047
}