{
  "mae": 0.292467212245475,
  "mse": 0.2476579924269204,
  "mre": 0.37315850112372073,
  "inference_time": 0.11789798736572266
}