{
  "mae": 0.0925132857377932,
  "mse": 0.2056684764808143,
  "mre": 0.11508360848811172,
  "inference_time": 18.96680736541748
}