{
  "mae": 0.7172684869523318,
  "mse": 1.302263796421103,
  "mre": 0.8922593665869667,
  "inference_time": 9.916107416152954
}