{
  "mae": 0.4042914866956615,
  "mse": 0.7258502104538812,
  "mre": 0.5029258532858806,
  "inference_time": 3.1590516567230225
}