{
  "mae": 0.14741130688041135,
  "mse": 0.05407156641678114,
  "mre": 0.17097583043001108,
  "inference_time": 0.012857913970947266
}