{
  "mae": 0.09937940635353418,
  "mse": 0.20433944752510014,
  "mre": 0.12362484589496005,
  "inference_time": 18.178857803344727
}