{
  "mae": 0.2786395205260415,
  "mse": 0.390640010909847,
  "mre": 0.37028149764380247,
  "inference_time": 0.12104010581970215
}