{
  "mae": 0.9306022932004352,
  "mse": 1.5378366325565112,
  "mre": 1.0793642851908014,
  "inference_time": 1.8501968383789062
}