{
  "mae": 0.7626599217291836,
  "mse": 0.9710589566699499,
  "mre": 0.8845753844318035,
  "inference_time": 2.5214879512786865
}