{
  "mae": 0.1798518801885188,
  "mse": 0.35866243980845786,
  "mre": 0.2237300642864401,
  "inference_time": 2.173952579498291
}