{
  "mae": 0.17096488095144366,
  "mse": 0.339121225136051,
  "mre": 0.21267491763720706,
  "inference_time": 3.9376893043518066
}