{
  "mae": 0.1417452559767274,
  "mse": 0.2626554513373446,
  "mre": 0.18836396778130937,
  "inference_time": 0.8347465991973877
}