{
  "mae": 0.23086762011467385,
  "mse": 0.2221242323328937,
  "mre": 0.3268056437439003,
  "inference_time": 0.8505477905273438
}