{
  "mae": 0.8200908552614662,
  "mse": 1.5964050167433663,
  "mre": 1.0463527586052466,
  "inference_time": 0.028511524200439453
}