{
  "mae": 0.1644330398515268,
  "mse": 0.06914047817133707,
  "mre": 0.19071858281233256,
  "inference_time": 0.03140997886657715
}