{
  "mae": 0.12264139536811851,
  "mse": 0.18722256548540264,
  "mre": 0.16297702301633288,
  "inference_time": 0.47704243659973145
}