{
  "mae": 0.676009998930682,
  "mse": 0.8946343338474696,
  "mre": 0.7840739858573441,
  "inference_time": 0.4198637008666992
}