{
  "mae": 0.4113810035708729,
  "mse": 0.3842202324631894,
  "mre": 0.4771425625153855,
  "inference_time": 0.47078442573547363
}