{
  "mae": 0.11862306483601447,
  "mse": 0.2974796710841249,
  "mre": 0.1475633498732268,
  "inference_time": 7.624181509017944
}