{
  "mae": 0.49655212493071477,
  "mse": 0.9371976644579376,
  "mre": 0.617695176252092,
  "inference_time": 10.790308475494385
}