{
  "mae": 0.25308855850904294,
  "mse": 0.24236655475806151,
  "mre": 0.35826058780646863,
  "inference_time": 0.37486815452575684
}