{
  "mae": 0.7646382607547436,
  "mse": 0.9770193902944833,
  "mre": 0.8868699720379063,
  "inference_time": 0.048182010650634766
}