{
  "mae": 0.407791215786463,
  "mse": 0.4084556222327873,
  "mre": 0.5772505937472187,
  "inference_time": 25.639254331588745
}