{
  "mae": 0.616381023193191,
  "mse": 0.7114381301427571,
  "mre": 0.8725207847515359,
  "inference_time": 2.1245625019073486
}