{
  "mae": 0.4490409200161927,
  "mse": 0.46055821728816104,
  "mre": 0.6356417883995755,
  "inference_time": 0.6255924701690674
}