{
  "mae": 0.13084476807957016,
  "mse": 0.053060708032115156,
  "mre": 0.15176103755715029,
  "inference_time": 0.06215858459472656
}