{
  "mae": 0.47154368714152634,
  "mse": 0.5190215325651032,
  "mre": 0.6674956763235769,
  "inference_time": 0.38542962074279785
}