{
  "mae": 0.5288421929402399,
  "mse": 0.613243008306626,
  "mre": 0.7486048204461311,
  "inference_time": 0.13234639167785645
}