{
  "mae": 0.7098392780748253,
  "mse": 0.9252061841627192,
  "mre": 1.0048160158220654,
  "inference_time": 0.14818143844604492
}