{
  "mae": 0.4601172340801274,
  "mse": 0.5015620544509538,
  "mre": 0.5336695526065066,
  "inference_time": 0.010747432708740234
}