{
  "mae": 0.218445002059204,
  "mse": 0.21163418384532312,
  "mre": 0.3092207538031373,
  "inference_time": 0.6406247615814209
}