{
  "mae": 0.7366322295831885,
  "mse": 1.1266626330501248,
  "mre": 0.9789037989579238,
  "inference_time": 2.4709854125976562
}