{
  "mae": 0.2311101476711622,
  "mse": 0.3362144204423423,
  "mre": 0.30712015093480044,
  "inference_time": 3.660937786102295
}