{
  "mae": 0.09687497326824274,
  "mse": 0.18713363098528157,
  "mre": 0.12873626152617415,
  "inference_time": 1.213754653930664
}