{
  "mae": 0.18856734947038248,
  "mse": 0.20236270077578664,
  "mre": 0.24059281363198157,
  "inference_time": 0.042124032974243164
}