{
  "mae": 0.18201489528968268,
  "mse": 0.11780776883387747,
  "mre": 0.2322325466400715,
  "inference_time": 0.07485365867614746
}