{
  "mae": 0.4717507493798236,
  "mse": 0.650842433201833,
  "mre": 0.6182817346344566,
  "inference_time": 0.1931312084197998
}