{
  "mae": 0.6336981453202606,
  "mse": 0.7406981930173091,
  "mre": 0.8970341107940433,
  "inference_time": 0.12204813957214355
}