{
  "mae": 0.8550754517057234,
  "mse": 1.2914283654344665,
  "mre": 0.9917640548041992,
  "inference_time": 0.038102149963378906
}