{
  "mae": 0.2948275502417305,
  "mse": 0.1780060333416502,
  "mre": 0.34195738646506885,
  "inference_time": 0.04570293426513672
}