{
  "mae": 0.2689691987956595,
  "mse": 0.25702626921690663,
  "mre": 0.3807404958566109,
  "inference_time": 0.8847992420196533
}