{
  "mae": 0.3571738930015296,
  "mse": 0.3161388351710329,
  "mre": 0.4557176632883815,
  "inference_time": 0.11540675163269043
}