{
  "mae": 0.11338062356990432,
  "mse": 0.07464981236020411,
  "mre": 0.14466217673763496,
  "inference_time": 0.15723252296447754
}