{
  "mae": 0.4476810661335537,
  "mse": 0.49189502130915913,
  "mre": 0.6337168414395266,
  "inference_time": 0.3934140205383301
}