{
  "mae": 0.4957659055928379,
  "mse": 0.5724302137078022,
  "mre": 0.7017835409013566,
  "inference_time": 0.23258757591247559
}