{
  "mae": 0.16229204835872743,
  "mse": 0.34627248915843645,
  "mre": 0.2018861875361925,
  "inference_time": 10.80010986328125
}