{
  "mae": 0.21442207766383425,
  "mse": 0.15925156888722486,
  "mre": 0.2735808246488607,
  "inference_time": 0.02237415313720703
}