{
  "mae": 0.13430971924731971,
  "mse": 0.09134530020760485,
  "mre": 0.17136558021625894,
  "inference_time": 0.03838682174682617
}