{
  "mae": 0.3617400553452923,
  "mse": 0.2614046632378291,
  "mre": 0.41956623051062747,
  "inference_time": 0.02819347381591797
}