{
  "mae": 0.1491474440656486,
  "mse": 0.2544244553959656,
  "mre": 0.19820066749365575,
  "inference_time": 2.034574508666992
}