{
  "mae": 0.7232389572694159,
  "mse": 0.9325894419457691,
  "mre": 0.838852757874204,
  "inference_time": 0.9686040878295898
}