{
  "mae": 0.5147909625641589,
  "mse": 0.5101240894597675,
  "mre": 0.597083182999498,
  "inference_time": 0.3155999183654785
}