{
  "mae": 0.6362045933960606,
  "mse": 0.8751030170097551,
  "mre": 0.7165312994363021,
  "inference_time": 0.06054425239562988
}