{
  "mae": 0.22056176443902936,
  "mse": 0.10811708340354102,
  "mre": 0.25581979859024434,
  "inference_time": 0.05211234092712402
}