{
  "mae": 0.11616147346762053,
  "mse": 0.1947282877264879,
  "mre": 0.15436591436454697,
  "inference_time": 3.141188859939575
}