{
  "mae": 0.7629667695585661,
  "mse": 1.498050791694518,
  "mre": 0.9734682187099991,
  "inference_time": 0.02522134780883789
}