{
  "mae": 0.7632312970806764,
  "mse": 1.4858665576151784,
  "mre": 0.9738057290001227,
  "inference_time": 0.08783817291259766
}