{
  "mae": 0.09869554687893665,
  "mse": 0.20467412519525838,
  "mre": 0.12277414628562473,
  "inference_time": 15.806329488754272
}