{
  "mae": 0.8032617399095513,
  "mse": 1.532001705361417,
  "mre": 0.9992322600154503,
  "inference_time": 21.16800284385681
}