{
  "mae": 0.7045954590091476,
  "mse": 0.9205957784181743,
  "mre": 0.9973931053914727,
  "inference_time": 4.5982561111450195
}