{
  "mae": 0.7002673093173641,
  "mse": 0.9136374645569137,
  "mre": 0.9912663746462055,
  "inference_time": 5.030461549758911
}