{
  "mae": 0.4127276369618822,
  "mse": 0.41918461597108747,
  "mre": 0.5842383657839494,
  "inference_time": 1.1900050640106201
}