{
  "mae": 0.1350614484177357,
  "mse": 0.07876205287417083,
  "mre": 0.17232471039816788,
  "inference_time": 0.05151820182800293
}