{
  "mae": 0.25903748653700936,
  "mse": 0.2518396920365702,
  "mre": 0.36668161823420914,
  "inference_time": 0.8223245143890381
}