{
  "mae": 0.15862655482729582,
  "mse": 0.0799578372856463,
  "mre": 0.2023913962297127,
  "inference_time": 0.12355661392211914
}