{
  "mae": 0.15219740232754816,
  "mse": 0.05972197638266018,
  "mre": 0.17652701005733348,
  "inference_time": 0.035420894622802734
}