{
  "mae": 0.19275562657072762,
  "mse": 0.3681191353597163,
  "mre": 0.23978191764822548,
  "inference_time": 2.444176435470581
}