{
  "mae": 0.16581764787278602,
  "mse": 0.35325811818170366,
  "mre": 0.20627192209232714,
  "inference_time": 16.694867610931396
}