{
  "mae": 0.3872814581929177,
  "mse": 0.30508401333568785,
  "mre": 0.449190569746443,
  "inference_time": 0.03377485275268555
}