{
  "mae": 0.24638430437891143,
  "mse": 0.2289930925356633,
  "mre": 0.3487703522951741,
  "inference_time": 0.29123854637145996
}