{
  "mae": 0.21532058819298974,
  "mse": 0.2023594665915042,
  "mre": 0.3047979764367689,
  "inference_time": 0.5964572429656982
}