{
  "mae": 0.10350962063606119,
  "mse": 0.19862030820646853,
  "mre": 0.13755298342928526,
  "inference_time": 1.1090662479400635
}