{
  "mae": 0.12092463122715544,
  "mse": 0.04094294797627571,
  "mre": 0.1402551112329441,
  "inference_time": 0.06126737594604492
}