{
  "mae": 0.5034186953590029,
  "mse": 0.6791348734860697,
  "mre": 0.5669799553326329,
  "inference_time": 0.06074857711791992
}