{
  "mae": 0.14248581905514057,
  "mse": 0.06791636170011052,
  "mre": 0.18179745436002998,
  "inference_time": 0.02121710777282715
}