{
  "mae": 0.16375191365677055,
  "mse": 0.1069716183259525,
  "mre": 0.20893083428789322,
  "inference_time": 0.035474300384521484
}