{
  "mae": 0.13735359839063305,
  "mse": 0.22750625440868366,
  "mre": 0.18252793438214263,
  "inference_time": 1.1694602966308594
}