{
  "mae": 0.4860890220704946,
  "mse": 1.0227344123982767,
  "mre": 0.6046794064247264,
  "inference_time": 12.032413482666016
}