{
  "mae": 0.14792039471866017,
  "mse": 0.2621441550724867,
  "mre": 0.19657005289516682,
  "inference_time": 2.0560567378997803
}