{
  "mae": 0.10987931207980893,
  "mse": 0.059752652204757534,
  "mre": 0.14019485837541582,
  "inference_time": 0.09116387367248535
}