{
  "mae": 0.20985373287193498,
  "mse": 0.15824245152751018,
  "mre": 0.2788726966916392,
  "inference_time": 0.0542912483215332
}