{
  "mae": 0.4804357626767418,
  "mse": 0.5360031239392269,
  "mre": 0.680082891750591,
  "inference_time": 0.4277780055999756
}