{
  "mae": 0.23639065375816562,
  "mse": 0.14032372277290278,
  "mre": 0.27417902457770277,
  "inference_time": 0.03377366065979004
}