{
  "mae": 0.5860629625609185,
  "mse": 0.5694020103983044,
  "mre": 0.6797484116290735,
  "inference_time": 0.4470944404602051
}