{
  "mae": 0.514828935494219,
  "mse": 0.4832894298754405,
  "mre": 0.5971272261152419,
  "inference_time": 0.5677425861358643
}