{
  "mae": 0.15987083280002456,
  "mse": 0.06827212586436512,
  "mre": 0.18542708139543615,
  "inference_time": 0.07714390754699707
}