{
  "mae": 0.6161649189298114,
  "mse": 0.8141331748356894,
  "mre": 0.6939614309778973,
  "inference_time": 0.09191298484802246
}