{
  "mae": 0.6835245706853843,
  "mse": 0.8789690328436125,
  "mre": 0.9675661196085253,
  "inference_time": 0.17380881309509277
}