{
  "mae": 0.537267949955931,
  "mse": 0.6095833954401698,
  "mre": 0.6231532427947809,
  "inference_time": 0.0058710575103759766
}