{
  "mae": 0.28054929817924346,
  "mse": 0.16027472554178757,
  "mre": 0.32539667579005116,
  "inference_time": 0.047647953033447266
}