{
  "mae": 0.09535704946689741,
  "mse": 0.19798567714894436,
  "mre": 0.11862116084097585,
  "inference_time": 15.246944189071655
}