{
  "mae": 0.24903614224201492,
  "mse": 0.23410745284870754,
  "mre": 0.3525241726859484,
  "inference_time": 1.0490453243255615
}