{
  "mae": 0.9555737112167441,
  "mse": 1.9399767589989787,
  "mre": 1.2698531214466167,
  "inference_time": 5.4788501262664795
}