{
  "mae": 0.4735858779584455,
  "mse": 0.3964710591591921,
  "mre": 0.5492912346917872,
  "inference_time": 3.801459789276123
}