{
  "mae": 0.27430084583583947,
  "mse": 0.2637967408849176,
  "mre": 0.38828773155088364,
  "inference_time": 0.43785595893859863
}