{
  "mae": 0.34960984643650805,
  "mse": 0.34678899269335234,
  "mre": 0.4948917083614324,
  "inference_time": 0.3617579936981201
}