{
  "mae": 0.14392183031890102,
  "mse": 0.2849962739506437,
  "mre": 0.17903421590988391,
  "inference_time": 7.723067998886108
}