{
  "mae": 0.22656663314093048,
  "mse": 0.30260632988271585,
  "mre": 0.30108231623839976,
  "inference_time": 0.08753395080566406
}