{
  "mae": 0.2650597344011864,
  "mse": 0.24711405947751755,
  "mre": 0.37520643686862887,
  "inference_time": 0.26432251930236816
}