{
  "mae": 0.3451410190597365,
  "mse": 0.6120423828764707,
  "mre": 0.429344537856278,
  "inference_time": 9.961588382720947
}