{
  "mae": 0.5552010865970876,
  "mse": 1.0720878355609584,
  "mre": 0.6906526340790364,
  "inference_time": 2.7347283363342285
}