{
  "mae": 0.4874270438355043,
  "mse": 0.8806989068680557,
  "mre": 0.6063438632832729,
  "inference_time": 9.430832862854004
}