{
  "mae": 0.7880849779389534,
  "mse": 1.4451358423509109,
  "mre": 0.9803528469796636,
  "inference_time": 0.7213356494903564
}