{
  "mae": 0.38809680268354285,
  "mse": 0.6577497201034239,
  "mre": 0.482780177347814,
  "inference_time": 0.2305622100830078
}