{
  "mae": 0.24058970706725177,
  "mse": 0.22609361569501304,
  "mre": 0.34056778537074794,
  "inference_time": 0.8992533683776855
}