{
  "mae": 0.41319048086169785,
  "mse": 0.41928104740054173,
  "mre": 0.5848935464392403,
  "inference_time": 0.24696993827819824
}