{
  "mae": 0.17177909119832366,
  "mse": 0.09410630621963052,
  "mre": 0.21917269872343834,
  "inference_time": 0.037105560302734375
}