{
  "mae": 0.43274784017394125,
  "mse": 0.4615614951289495,
  "mre": 0.6125780497783997,
  "inference_time": 0.34062647819519043
}