{
  "mae": 0.8122088590407751,
  "mse": 1.6950084038204436,
  "mre": 1.0362961308109924,
  "inference_time": 0.06017756462097168
}