{
  "mae": 0.284156411993588,
  "mse": 0.5183695906345267,
  "mre": 0.35348161084605656,
  "inference_time": 0.23095417022705078
}