{
  "mae": 0.19494779657938788,
  "mse": 0.308953538889854,
  "mre": 0.2590643349640299,
  "inference_time": 1.0549960136413574
}