{
  "mae": 0.1444344949742067,
  "mse": 0.053641940686080705,
  "mre": 0.1675231584574996,
  "inference_time": 0.054869890213012695
}