{
  "mae": 0.3072678112281599,
  "mse": 0.23505658877929272,
  "mre": 0.3563862928897732,
  "inference_time": 0.014457464218139648
}