{
  "mae": 1.0647564070675806,
  "mse": 1.9421358624701262,
  "mre": 1.4149450023833594,
  "inference_time": 10.770376443862915
}