{
  "mae": 0.1516794642191712,
  "mse": 0.05900037679272732,
  "mre": 0.1759262766396253,
  "inference_time": 0.02753758430480957
}