{
  "mae": 0.13496413914200436,
  "mse": 0.24146496116410304,
  "mre": 0.17935260394993863,
  "inference_time": 0.45520949363708496
}