{
  "mae": 0.21308861892932426,
  "mse": 0.12399840580490278,
  "mre": 0.27187946654153744,
  "inference_time": 0.02358555793762207
}