{
  "mae": 0.4782848533397648,
  "mse": 0.6681032023067117,
  "mre": 0.6268454033428694,
  "inference_time": 0.03772377967834473
}