{
  "mae": 0.1401870583173719,
  "mse": 0.0648879973499042,
  "mre": 0.17886446879641119,
  "inference_time": 0.037878990173339844
}