{
  "mae": 0.7261555192771338,
  "mse": 1.1721383694976997,
  "mre": 0.964981394931451,
  "inference_time": 1.571444034576416
}