{
  "mae": 0.460594123972115,
  "mse": 0.5932997171162946,
  "mre": 0.6036597383391393,
  "inference_time": 0.14624738693237305
}