{
  "mae": 0.18775754777162168,
  "mse": 0.1098607705483854,
  "mre": 0.2395595887935563,
  "inference_time": 0.035297393798828125
}