{
  "mae": 0.12527221026905075,
  "mse": 0.060780778239166604,
  "mre": 0.15983463533416234,
  "inference_time": 0.06879115104675293
}