{
  "mae": 0.14885804252043908,
  "mse": 0.08656485528918459,
  "mre": 0.18992776523788796,
  "inference_time": 0.07095122337341309
}