{
  "mae": 0.2885720416353431,
  "mse": 0.17163815017757147,
  "mre": 0.33470189974988196,
  "inference_time": 0.04546093940734863
}