{
  "mae": 0.23351468298475414,
  "mse": 0.20195351918015342,
  "mre": 0.29794105268741916,
  "inference_time": 0.024858474731445312
}