{
  "mae": 0.3188935783245423,
  "mse": 0.3733005593764147,
  "mre": 0.42377474504721957,
  "inference_time": 0.15399765968322754
}