{
  "mae": 0.6980836224455995,
  "mse": 0.9427377458250328,
  "mre": 0.9881752473867498,
  "inference_time": 0.5121238231658936
}