{
  "mae": 0.368544442340518,
  "mse": 0.7086396219388527,
  "mre": 0.45845765799515925,
  "inference_time": 0.5115325450897217
}