{
  "mae": 0.5024174039425646,
  "mse": 0.5828351766569825,
  "mre": 0.6410336528127488,
  "inference_time": 0.052948951721191406
}