{
  "mae": 0.2909891119909501,
  "mse": 0.3167340974168294,
  "mre": 0.37127259510624155,
  "inference_time": 0.0379490852355957
}