{
  "mae": 0.1202081268819157,
  "mse": 0.19620322271485424,
  "mre": 0.15974347489099996,
  "inference_time": 2.310302972793579
}