{
  "mae": 0.6791304625103928,
  "mse": 1.3520204320563856,
  "mre": 0.8448168675082302,
  "inference_time": 2.752474069595337
}