{
  "mae": 0.8245350898226874,
  "mse": 1.17802509575254,
  "mre": 0.9563416449152395,
  "inference_time": 0.02000570297241211
}