{
  "mae": 0.17228773423841776,
  "mse": 0.10103060158620099,
  "mre": 0.2198216756565833,
  "inference_time": 0.04065847396850586
}