{
  "mae": 0.29799326963161515,
  "mse": 0.2876009162410379,
  "mre": 0.42182564304573017,
  "inference_time": 0.3935999870300293
}