{
  "mae": 0.40703214109809194,
  "mse": 0.308986364781535,
  "mre": 0.47209851000377695,
  "inference_time": 0.016396760940551758
}