{
  "mae": 0.4981000640566811,
  "mse": 0.5677516434630491,
  "mre": 0.7050876688643757,
  "inference_time": 0.26977109909057617
}