{
  "mae": 0.2602281932754004,
  "mse": 0.24374648426821202,
  "mre": 0.3683671282332155,
  "inference_time": 0.19241786003112793
}