{
  "mae": 0.8027935233270767,
  "mse": 1.5273614649731677,
  "mre": 0.9986498133599735,
  "inference_time": 35.69437026977539
}