{
  "mae": 0.20470442073763473,
  "mse": 0.10951728456893531,
  "mre": 0.2374275696280552,
  "inference_time": 0.020583152770996094
}