{
  "mae": 0.38448003269134345,
  "mse": 0.4262779672074248,
  "mre": 0.49055752817406845,
  "inference_time": 0.05486941337585449
}