{
  "mae": 0.20768848109661728,
  "mse": 0.32408159552235666,
  "mre": 0.2759953135098604,
  "inference_time": 0.7640297412872314
}