{
  "mae": 0.15022019976601075,
  "mse": 0.24915338468462778,
  "mre": 0.19962624268337084,
  "inference_time": 0.37302160263061523
}