{
  "mae": 0.280105284465378,
  "mse": 0.32802601024657047,
  "mre": 0.3722293378698593,
  "inference_time": 0.43105196952819824
}