{
  "mae": 0.22042176017646684,
  "mse": 0.21087126441033766,
  "mre": 0.3120189621821087,
  "inference_time": 0.3083486557006836
}