{
  "mae": 0.0941844043576472,
  "mse": 0.23495514076711346,
  "mre": 0.1171624273242468,
  "inference_time": 11.419321775436401
}