{
  "mae": 0.3432221256415905,
  "mse": 0.23344992879316145,
  "mre": 0.3980881059628035,
  "inference_time": 0.03980851173400879
}