{
  "mae": 0.34905841310011393,
  "mse": 0.25031347919528973,
  "mre": 0.40485735668017775,
  "inference_time": 0.03322339057922363
}