{
  "mae": 0.16822520008514683,
  "mse": 0.2638815136656033,
  "mre": 0.22355292211010977,
  "inference_time": 0.15918946266174316
}