{
  "mae": 0.863505239656781,
  "mse": 1.296216701284477,
  "mre": 1.0015413916027274,
  "inference_time": 0.04604220390319824
}