{
  "mae": 0.2834567335422282,
  "mse": 0.1666598231008269,
  "mre": 0.3287688809900985,
  "inference_time": 0.038488149642944336
}