{
  "mae": 0.5616911968653375,
  "mse": 0.7321533508511425,
  "mre": 0.7951043679736499,
  "inference_time": 0.08225107192993164
}