{
  "mae": 0.4803862769582525,
  "mse": 1.0145681050175102,
  "mre": 0.5975853714375261,
  "inference_time": 12.109943628311157
}