{
  "mae": 0.3656061679993575,
  "mse": 0.6142899700971253,
  "mre": 0.4548025374228863,
  "inference_time": 0.29825329780578613
}