{
  "mae": 0.700121440686135,
  "mse": 0.9107914628691627,
  "mre": 0.991059889683493,
  "inference_time": 0.21680283546447754
}