{
  "mae": 0.1346538360106116,
  "mse": 0.06190247184599635,
  "mre": 0.17180463830627743,
  "inference_time": 0.07750153541564941
}