{
  "mae": 0.11939806210387649,
  "mse": 0.2117618868310645,
  "mre": 0.15866698725337203,
  "inference_time": 0.8815710544586182
}