{
  "mae": 0.14103981518403294,
  "mse": 0.17787074808781572,
  "mre": 0.18742651399612914,
  "inference_time": 0.1110846996307373
}