{
  "mae": 0.17140603244462166,
  "mse": 0.207470576149153,
  "mre": 0.22777990099521786,
  "inference_time": 0.06547403335571289
}