{
  "mae": 0.1245560200799889,
  "mse": 0.06993500345874251,
  "mre": 0.15892084928813704,
  "inference_time": 0.17799806594848633
}