{
  "mae": 0.10450230562750665,
  "mse": 0.045839548993630436,
  "mre": 0.13333434347233117,
  "inference_time": 0.06253862380981445
}