{
  "mae": 0.48376218101111723,
  "mse": 0.6762239511553657,
  "mre": 0.6340240493932617,
  "inference_time": 0.12992238998413086
}