{
  "mae": 0.19229830930271732,
  "mse": 0.30756264443374076,
  "mre": 0.25554345567547226,
  "inference_time": 0.8599512577056885
}