{
  "mae": 0.4235734394282187,
  "mse": 0.524477884535042,
  "mre": 0.5404367503602061,
  "inference_time": 0.023700714111328125
}