{
  "mae": 0.5055998186670864,
  "mse": 0.6015450255167625,
  "mre": 0.6450940912442537,
  "inference_time": 0.8304626941680908
}