{
  "mae": 0.5889569701897365,
  "mse": 0.748826598493418,
  "mre": 0.7514493625969529,
  "inference_time": 0.1727585792541504
}