{
  "mae": 0.6332449375809356,
  "mse": 0.861853321778634,
  "mre": 0.8415133769256926,
  "inference_time": 0.4971475601196289
}