{
  "mae": 0.1588673813261646,
  "mse": 0.08334322968219737,
  "mre": 0.20269866641791184,
  "inference_time": 0.025328874588012695
}