{
  "mae": 0.5006363268329658,
  "mse": 0.7147698617954107,
  "mre": 0.6561394909965296,
  "inference_time": 0.08334636688232422
}