{
  "mae": 0.49859718826017113,
  "mse": 0.5629996349093273,
  "mre": 0.7057913751496553,
  "inference_time": 0.37210988998413086
}