{
  "mae": 0.7573095976743269,
  "mse": 1.0273571672802135,
  "mre": 1.0720128290769435,
  "inference_time": 4.484163999557495
}