{
  "mae": 0.6557525836860281,
  "mse": 0.9423934743585695,
  "mre": 0.8714235809502199,
  "inference_time": 0.221954345703125
}