{
  "mae": 0.43704388864918997,
  "mse": 0.8563208402093674,
  "mre": 0.5436688079156429,
  "inference_time": 0.47242236137390137
}