{
  "mae": 0.16474340227786913,
  "mse": 0.10952741214151195,
  "mre": 0.21019587321273459,
  "inference_time": 0.033406972885131836
}