{
  "mae": 0.4779635730867629,
  "mse": 0.5244811489292821,
  "mre": 0.6351613989560001,
  "inference_time": 0.14628243446350098
}