{
  "mae": 0.20079390851520798,
  "mse": 0.24920010357116537,
  "mre": 0.26683317937957457,
  "inference_time": 0.15302109718322754
}