{
  "mae": 0.2343351696816799,
  "mse": 0.31335006988092606,
  "mre": 0.3114058530409994,
  "inference_time": 0.08781909942626953
}