{
  "mae": 0.25665542616836695,
  "mse": 0.3383301156522746,
  "mre": 0.34106703672406513,
  "inference_time": 0.14796137809753418
}