{
  "mae": 0.3696168308582407,
  "mse": 0.262271078925368,
  "mre": 0.42870215273353873,
  "inference_time": 0.6656355857849121
}