{
  "mae": 0.352533012146477,
  "mse": 0.2581826094916527,
  "mre": 0.408887389856976,
  "inference_time": 0.4506833553314209
}