{
  "mae": 0.5501814962308886,
  "mse": 0.7120467731851841,
  "mre": 0.7788117621795921,
  "inference_time": 0.08769726753234863
}