{
  "mae": 0.34528424691847953,
  "mse": 0.3278768722867172,
  "mre": 0.4887685875254943,
  "inference_time": 0.18219494819641113
}