{
  "mae": 0.13801549726332607,
  "mse": 0.19236119062095322,
  "mre": 0.1834075257100591,
  "inference_time": 0.04585599899291992
}