{
  "mae": 0.7319267822926208,
  "mse": 1.1097865045587105,
  "mre": 0.972650773304757,
  "inference_time": 0.17560601234436035
}