{
  "mae": 0.26364321033105925,
  "mse": 0.3235510523922702,
  "mre": 0.3503530388679409,
  "inference_time": 0.16907119750976562
}