{
  "mae": 0.44517742332959614,
  "mse": 0.9125107667670252,
  "mre": 0.5537866684296161,
  "inference_time": 17.43449354171753
}