{
  "mae": 0.2453260918187982,
  "mse": 0.23843036584853136,
  "mre": 0.3472723949949953,
  "inference_time": 1.203507423400879
}