{
  "mae": 0.3122756592978408,
  "mse": 0.30377949082811423,
  "mre": 0.4420431406175147,
  "inference_time": 0.8663995265960693
}