{
  "mae": 0.7941079703994608,
  "mse": 1.4877465530598877,
  "mre": 0.9878452595636945,
  "inference_time": 2.1913352012634277
}