{
  "mae": 0.17991214957545035,
  "mse": 0.27593879052698905,
  "mre": 0.23908360186432154,
  "inference_time": 0.2403581142425537
}