{
  "mae": 0.11635834257840877,
  "mse": 0.21478105374777592,
  "mre": 0.15462753191630293,
  "inference_time": 1.5502676963806152
}