{
  "mae": 0.8659095843270423,
  "mse": 1.2922029119465466,
  "mre": 1.0043300842433225,
  "inference_time": 0.048856258392333984
}