{
  "mae": 0.8694843053323307,
  "mse": 1.3022050829855345,
  "mre": 1.0084762444352986,
  "inference_time": 0.04511427879333496
}