{
  "mae": 0.15452406838910165,
  "mse": 0.10098796359603168,
  "mre": 0.1971570396042185,
  "inference_time": 0.050142526626586914
}