{
  "mae": 0.749302472931521,
  "mse": 1.4412160108714822,
  "mre": 0.932108634412038,
  "inference_time": 26.135529041290283
}