{
  "mae": 0.20489951368714,
  "mse": 0.14990663704976084,
  "mre": 0.2614309987825154,
  "inference_time": 0.12140393257141113
}