{
  "mae": 0.2020395396232773,
  "mse": 0.42514823495880677,
  "mre": 0.25133081256052486,
  "inference_time": 15.133649587631226
}