{
  "mae": 0.11642696094301086,
  "mse": 0.20945503899381995,
  "mre": 0.15471871823030017,
  "inference_time": 1.4943132400512695
}