{
  "mae": 0.3947779413969227,
  "mse": 0.39889259342455063,
  "mre": 0.5588295977150451,
  "inference_time": 0.13619661331176758
}