{
  "mae": 0.21652019261420713,
  "mse": 0.21039687974671098,
  "mre": 0.3064960815886271,
  "inference_time": 0.7433209419250488
}