{
  "mae": 0.11428436035562219,
  "mse": 0.2677680934830944,
  "mre": 0.14216613839397757,
  "inference_time": 17.011383533477783
}