{
  "mae": 0.4561746017271751,
  "mse": 0.49551631248457056,
  "mre": 0.6457399019534109,
  "inference_time": 8.981695413589478
}