{
  "mae": 0.42876676876747877,
  "mse": 0.4348720599601167,
  "mre": 0.6069426271793659,
  "inference_time": 1.709207534790039
}