{
  "mae": 0.564428942241455,
  "mse": 0.6452497256354125,
  "mre": 0.7989797951106583,
  "inference_time": 2.704374313354492
}