{
  "mae": 0.27235362599964996,
  "mse": 0.152950342242424,
  "mre": 0.31589087948112266,
  "inference_time": 0.05542492866516113
}