{
  "mae": 0.3104343955676675,
  "mse": 0.27541771547042104,
  "mre": 0.3960828048309586,
  "inference_time": 0.22228288650512695
}