{
  "mae": 0.33560739295171726,
  "mse": 0.2955973039483493,
  "mre": 0.4282009964754262,
  "inference_time": 0.9844393730163574
}