{
  "mae": 0.3853568130212139,
  "mse": 0.6444163979239627,
  "mre": 0.47937171665974954,
  "inference_time": 0.35941600799560547
}