{
  "mae": 0.4740257158423824,
  "mse": 0.7412056968204379,
  "mre": 0.5896730340971557,
  "inference_time": 0.6095707416534424
}