{
  "mae": 0.44107057232322233,
  "mse": 0.46857967055563887,
  "mre": 0.6243593287485855,
  "inference_time": 0.19744324684143066
}