{
  "mae": 0.411290541070853,
  "mse": 0.4238121906080072,
  "mre": 0.5822040785696738,
  "inference_time": 0.13103508949279785
}