{
  "mae": 0.10049241105311972,
  "mse": 0.23406161720383714,
  "mre": 0.12500938862383434,
  "inference_time": 11.407047271728516
}