{
  "mae": 0.29381958539876796,
  "mse": 0.5091066772064196,
  "mre": 0.3655022936706443,
  "inference_time": 0.13321709632873535
}