{
  "mae": 0.2200809635674324,
  "mse": 0.20938069201004467,
  "mre": 0.3115365460895188,
  "inference_time": 0.8312561511993408
}