{
  "mae": 0.6840760695904954,
  "mse": 0.8596785693973144,
  "mre": 0.9683467962344608,
  "inference_time": 0.219404935836792
}