{
  "mae": 0.4654133142404548,
  "mse": 0.5040659465505406,
  "mre": 0.65881780083229,
  "inference_time": 0.23470449447631836
}