{
  "mae": 0.3639745942584955,
  "mse": 0.362832128838681,
  "mre": 0.5152257883716634,
  "inference_time": 0.387937068939209
}