{
  "mae": 0.4320191897974127,
  "mse": 0.3665141386888867,
  "mre": 0.5010798784738859,
  "inference_time": 0.03155207633972168
}