{
  "mae": 0.3333862003403305,
  "mse": 0.33705483753952836,
  "mre": 0.42536697997419703,
  "inference_time": 0.025693893432617188
}