{
  "mae": 0.09280893932993273,
  "mse": 0.17868215973516313,
  "mre": 0.1233329463994987,
  "inference_time": 2.879629611968994
}