{
  "mae": 0.2983733865048863,
  "mse": 0.17644871284931038,
  "mre": 0.34607004452700263,
  "inference_time": 3.8385512828826904
}