{
  "mae": 0.44857660243739617,
  "mse": 0.37042276832583715,
  "mre": 0.5202840863179296,
  "inference_time": 0.04328346252441406
}