{
  "mae": 0.19428018454278048,
  "mse": 0.4209099768366884,
  "mre": 0.24167841966276246,
  "inference_time": 17.987415313720703
}