{
  "mae": 0.5015274243531279,
  "mse": 0.9710745981456753,
  "mre": 0.6238842917534368,
  "inference_time": 17.45633816719055
}