{
  "mae": 0.3489184664423295,
  "mse": 0.6516719096426142,
  "mre": 0.43404356321459137,
  "inference_time": 1.020751953125
}