{
  "mae": 0.8020479197897509,
  "mse": 1.5130837870990905,
  "mre": 0.9977223060847464,
  "inference_time": 3.4014217853546143
}