{
  "mae": 0.6024221058754146,
  "mse": 0.6457093221821856,
  "mre": 0.6987226556847798,
  "inference_time": 0.033966779708862305
}