{
  "mae": 0.31257104478564585,
  "mse": 0.41480848053072655,
  "mre": 0.4153727883424924,
  "inference_time": 0.17033600807189941
}