{
  "mae": 2.0333108951075456,
  "mse": 5.721061268858638,
  "mre": 2.7020481588343714,
  "inference_time": 5.4128875732421875
}