{
  "mae": 0.8512271230817086,
  "mse": 1.268426794671557,
  "mre": 0.9873005492822494,
  "inference_time": 0.04252123832702637
}