{
  "mae": 0.46909152267645066,
  "mse": 0.518009165556583,
  "mre": 0.6640245044625037,
  "inference_time": 0.195326566696167
}