{
  "mae": 0.4001116358365897,
  "mse": 0.4394895803874433,
  "mre": 0.5105018684474838,
  "inference_time": 0.1119544506072998
}