{
  "mae": 0.7564836358494443,
  "mse": 1.6024597243289793,
  "mre": 0.965196397609417,
  "inference_time": 0.07549285888671875
}