{
  "mae": 0.6942562297658827,
  "mse": 0.8964066560583882,
  "mre": 0.9827573653644279,
  "inference_time": 0.15619301795959473
}