{
  "mae": 0.2677247199234768,
  "mse": 0.2532408428761628,
  "mre": 0.378978868484408,
  "inference_time": 0.6823782920837402
}