{
  "mae": 0.20718594462298517,
  "mse": 0.15622038943810998,
  "mre": 0.2753274974092375,
  "inference_time": 0.052481651306152344
}