{
  "mae": 0.846094094287899,
  "mse": 1.2151300152620796,
  "mre": 0.9813469770684522,
  "inference_time": 2.4871511459350586
}