{
  "mae": 0.7351491497358338,
  "mse": 1.393123047678424,
  "mre": 0.9379757570484579,
  "inference_time": 0.08617687225341797
}