{
  "mae": 0.1184760924966577,
  "mse": 0.07077477038127311,
  "mre": 0.15116347831134394,
  "inference_time": 0.13232135772705078
}