{
  "mae": 0.6955258843085185,
  "mse": 0.9001813376097128,
  "mre": 0.9845546302642537,
  "inference_time": 0.45305347442626953
}