{
  "mae": 0.2982450071332292,
  "mse": 0.5274396568963997,
  "mre": 0.3710073786778614,
  "inference_time": 0.20824337005615234
}