{
  "mae": 0.21109015889685523,
  "mse": 0.16451368065535413,
  "mre": 0.2805157718712437,
  "inference_time": 0.05163145065307617
}