{
  "mae": 0.1797352699460156,
  "mse": 0.08050898485092736,
  "mre": 0.20846696014650024,
  "inference_time": 0.057286739349365234
}