{
  "mae": 0.39678129799778344,
  "mse": 0.29169787197674707,
  "mre": 0.4602090121845571,
  "inference_time": 1.3686692714691162
}