{
  "mae": 0.47173867211802656,
  "mse": 0.45985876500285133,
  "mre": 0.5471487426453867,
  "inference_time": 0.3497145175933838
}