{
  "mae": 0.7944582839938525,
  "mse": 1.4523998670983347,
  "mre": 0.9882810386220592,
  "inference_time": 0.40775513648986816
}