{
  "mae": 0.6961439351127344,
  "mse": 0.9061560628938223,
  "mre": 0.9854295147146497,
  "inference_time": 0.2312459945678711
}