{
  "mae": 0.4810019728089005,
  "mse": 0.7466782413358697,
  "mre": 0.6137097346155561,
  "inference_time": 0.9241683483123779
}