{
  "mae": 0.29605146476340743,
  "mse": 0.24695627643266652,
  "mre": 0.37773164382567254,
  "inference_time": 0.18773341178894043
}