{
  "mae": 0.6250262117248558,
  "mse": 0.8759223313451251,
  "mre": 0.7974700566931432,
  "inference_time": 0.20441293716430664
}