{
  "mae": 1.2672014334144004,
  "mse": 2.534626591074192,
  "mre": 1.68397233707271,
  "inference_time": 10.833864450454712
}