{
  "mae": 0.5395934493453414,
  "mse": 0.7222682407924106,
  "mre": 0.6077221061276418,
  "inference_time": 0.08585429191589355
}