{
  "mae": 0.5218648882236565,
  "mse": 0.5852630426419386,
  "mre": 0.7387280670132861,
  "inference_time": 0.23454046249389648
}