{
  "mae": 0.11350448073602645,
  "mse": 0.2021500105611004,
  "mre": 0.15083506114592968,
  "inference_time": 2.1501669883728027
}