{
  "mae": 0.6879676412489604,
  "mse": 1.1740839479169958,
  "mre": 0.9142338748330254,
  "inference_time": 8.539274454116821
}