{
  "mae": 0.9496845512754041,
  "mse": 1.5628064162302981,
  "mre": 1.101496949162734,
  "inference_time": 1.8641297817230225
}