{
  "mae": 0.6341708676541111,
  "mse": 0.7195378117223141,
  "mre": 0.7355466349650188,
  "inference_time": 3.7380619049072266
}