{
  "mae": 0.7062049096943663,
  "mse": 1.0546690756503796,
  "mre": 0.9384692132378153,
  "inference_time": 0.1458754539489746
}