{
  "mae": 0.1174716482982481,
  "mse": 0.22130257437515136,
  "mre": 0.1561069936541758,
  "inference_time": 2.1707589626312256
}