{
  "mae": 0.2542964783895208,
  "mse": 0.2382316157683414,
  "mre": 0.3599704639421283,
  "inference_time": 0.2569122314453125
}