{
  "mae": 0.7659347703652044,
  "mse": 1.6141183179182943,
  "mre": 0.9772550867279071,
  "inference_time": 0.04549741744995117
}