{
  "mae": 0.17543002571223035,
  "mse": 0.06964498652011611,
  "mre": 0.2034734984938428,
  "inference_time": 0.05362963676452637
}