{
  "mae": 0.20779593439074703,
  "mse": 0.17404278998804498,
  "mre": 0.2651265378485307,
  "inference_time": 0.16641736030578613
}