{
  "mae": 0.16788393849946004,
  "mse": 0.12251952723287737,
  "mre": 0.21420287892177112,
  "inference_time": 0.04900956153869629
}