{
  "mae": 0.14715824519806128,
  "mse": 0.2962954005237333,
  "mre": 0.18306021390452895,
  "inference_time": 10.501870393753052
}