{
  "mae": 0.0962165516702464,
  "mse": 0.20795331435337985,
  "mre": 0.11969035446301662,
  "inference_time": 8.655932188034058
}