{
  "mae": 0.7858336372956085,
  "mse": 1.5727786115538867,
  "mre": 1.002644022810006,
  "inference_time": 0.029613494873046875
}