{
  "mae": 0.7890421131028894,
  "mse": 1.5762023047035678,
  "mre": 1.0067377125400252,
  "inference_time": 0.0310819149017334
}