{
  "mae": 0.28051931050911394,
  "mse": 0.23509054996015005,
  "mre": 0.3579141902511163,
  "inference_time": 0.04132509231567383
}