{
  "mae": 0.7275842288883274,
  "mse": 1.1731801677668636,
  "mre": 0.9668799940014325,
  "inference_time": 1.3816511631011963
}