{
  "mae": 0.6966578214585851,
  "mse": 0.900717454050889,
  "mre": 0.9861569487219977,
  "inference_time": 0.3186197280883789
}