{
  "mae": 0.5663417249685055,
  "mse": 0.6769238200907546,
  "mre": 0.722594603307844,
  "inference_time": 0.07623696327209473
}