{
  "mae": 0.2080002350749608,
  "mse": 0.15764198428929388,
  "mre": 0.2764096005061182,
  "inference_time": 0.05160188674926758
}