{
  "mae": 0.26185536984249813,
  "mse": 0.3446021261699462,
  "mre": 0.34797719407606487,
  "inference_time": 0.23516035079956055
}