{
  "mae": 0.09918099858987924,
  "mse": 0.12354377724171695,
  "mre": 0.13180071737970156,
  "inference_time": 0.8096587657928467
}