{
  "mae": 0.61683155696384,
  "mse": 0.7894812221705031,
  "mre": 0.8731585397510121,
  "inference_time": 4.594879388809204
}