{
  "mae": 0.1572322995463662,
  "mse": 0.2052230522501395,
  "mre": 0.20894455762805625,
  "inference_time": 0.06863069534301758
}