{
  "mae": 0.49037877339537517,
  "mse": 0.44348752098130945,
  "mre": 0.5687685685775974,
  "inference_time": 0.0332646369934082
}