{
  "mae": 0.552391983935275,
  "mse": 1.126305101439873,
  "mre": 0.6871581990002608,
  "inference_time": 14.04448652267456
}