{
  "mae": 0.1660625083896592,
  "mse": 0.25686173364575765,
  "mre": 0.22067894099488558,
  "inference_time": 0.6061344146728516
}