{
  "mae": 0.1666028188925913,
  "mse": 0.2663617477930261,
  "mre": 0.221396954655836,
  "inference_time": 2.035640001296997
}