{
  "mae": 0.11027081203017909,
  "mse": 0.19426451230088543,
  "mre": 0.14653786852578538,
  "inference_time": 2.0513722896575928
}