{
  "mae": 0.4437283706190376,
  "mse": 0.35479807210927766,
  "mre": 0.5146608374722115,
  "inference_time": 0.057557106018066406
}