{
  "mae": 0.15922200660256733,
  "mse": 0.3152699820960671,
  "mre": 0.19806715245717196,
  "inference_time": 8.082865476608276
}