{
  "mae": 0.34267663184363323,
  "mse": 0.23656411410268033,
  "mre": 0.3974554119241038,
  "inference_time": 3.977363348007202
}