{
  "mae": 0.3245917655279778,
  "mse": 0.3322109010061467,
  "mre": 0.4594772572899132,
  "inference_time": 0.4215116500854492
}