{
  "mae": 0.7392631287102082,
  "mse": 0.9291217539726769,
  "mre": 0.8574384829248948,
  "inference_time": 0.03746652603149414
}