{
  "mae": 0.13689759573752672,
  "mse": 0.25044769524546495,
  "mre": 0.18192195664788943,
  "inference_time": 1.6132190227508545
}