{
  "mae": 0.950877205062733,
  "mse": 1.5825158858487136,
  "mre": 1.1028802553420183,
  "inference_time": 1.8810784816741943
}