{
  "mae": 0.5116933093302009,
  "mse": 0.9552442028734474,
  "mre": 0.6365303319119554,
  "inference_time": 8.59543752670288
}