{
  "mae": 0.2640938808294016,
  "mse": 0.1796239459727226,
  "mre": 0.3063107677548956,
  "inference_time": 0.02687835693359375
}