{
  "mae": 0.2989581443125258,
  "mse": 0.17955543014925077,
  "mre": 0.3467482791473815,
  "inference_time": 3.716827392578125
}