{
  "mae": 0.21441169665196216,
  "mse": 0.20484095910599115,
  "mre": 0.3035113911416488,
  "inference_time": 0.4739811420440674
}