{
  "mae": 0.7311916178421402,
  "mse": 1.1692204953781202,
  "mre": 0.9716738200239571,
  "inference_time": 3.01706862449646
}