{
  "mae": 0.16999263190518304,
  "mse": 0.32164335081672507,
  "mre": 0.22590164600997437,
  "inference_time": 1.040069818496704
}