{
  "mae": 0.11835759014113052,
  "mse": 0.19316939445742923,
  "mre": 0.15728431362583126,
  "inference_time": 3.0337941646575928
}