{
  "mae": 0.6380180531881547,
  "mse": 0.770601792246415,
  "mre": 0.9031491747903726,
  "inference_time": 10.145172834396362
}