{
  "mae": 0.4160713088772787,
  "mse": 0.4058909959232766,
  "mre": 0.5889715148164417,
  "inference_time": 5.430186033248901
}