{
  "mae": 0.9501742501814596,
  "mse": 1.5682698601462044,
  "mre": 1.1020649291833673,
  "inference_time": 1.8450076580047607
}