{
  "mae": 0.39072324808939524,
  "mse": 0.3978758377814588,
  "mre": 0.5530899593201399,
  "inference_time": 0.4129831790924072
}