{
  "mae": 0.862683302927986,
  "mse": 1.322611431816414,
  "mre": 1.0005880636814122,
  "inference_time": 0.07026124000549316
}