{
  "mae": 0.2845274025986134,
  "mse": 0.26956106528544593,
  "mre": 0.4027639775678948,
  "inference_time": 0.3995504379272461
}