{
  "mae": 0.2669013884208637,
  "mse": 0.38299459516168655,
  "mre": 0.3320169059503216,
  "inference_time": 0.6482045650482178
}