{
  "mae": 0.39804223466119526,
  "mse": 0.6114826389326296,
  "mre": 0.49515198093076385,
  "inference_time": 0.31142163276672363
}