{
  "mae": 0.24221892232984482,
  "mse": 0.23171739875588926,
  "mre": 0.342874027980364,
  "inference_time": 0.5955138206481934
}