{
  "mae": 0.4763036968775708,
  "mse": 0.6176599136157958,
  "mre": 0.607715211021133,
  "inference_time": 0.024738788604736328
}