{
  "mae": 0.47434896502853746,
  "mse": 0.6559140681239713,
  "mre": 0.6052211714285107,
  "inference_time": 0.052184104919433594
}