{
  "mae": 0.34873863857305365,
  "mse": 0.35949902865975925,
  "mre": 0.44495513413182985,
  "inference_time": 0.03701376914978027
}