{
  "mae": 0.34584124520427195,
  "mse": 0.24131928692710483,
  "mre": 0.401125906466046,
  "inference_time": 0.02361273765563965
}