{
  "mae": 0.3424819066582848,
  "mse": 0.2353099947992274,
  "mre": 0.3972295588265691,
  "inference_time": 0.023351669311523438
}