{
  "mae": 0.3154906973409632,
  "mse": 0.24087718076005799,
  "mre": 0.3659236534316515,
  "inference_time": 0.0072977542877197266
}