{
  "mae": 0.4830292393586684,
  "mse": 0.39980561403949333,
  "mre": 0.5602441703357516,
  "inference_time": 0.03339433670043945
}