{
  "mae": 0.36184580925223414,
  "mse": 0.3550823845503829,
  "mre": 0.5122123776819442,
  "inference_time": 0.19288086891174316
}