{
  "mae": 0.26360932268800735,
  "mse": 0.3858252512949686,
  "mre": 0.35030800589057576,
  "inference_time": 7.959634780883789
}