{
  "mae": 0.22878878243343545,
  "mse": 0.3299156781674089,
  "mre": 0.3040353100077813,
  "inference_time": 1.9835622310638428
}