{
  "mae": 0.4252006447426919,
  "mse": 0.4446434327053543,
  "mre": 0.6018945851152072,
  "inference_time": 0.2533421516418457
}