{
  "mae": 0.41183891861128263,
  "mse": 0.4051757443716015,
  "mre": 0.5829803367345294,
  "inference_time": 0.8739280700683594
}