{
  "mae": 0.45290388991725855,
  "mse": 0.4747101590701413,
  "mre": 0.6411100319092287,
  "inference_time": 1.7558283805847168
}