{
  "mae": 0.41251569079853095,
  "mse": 0.40942262898010884,
  "mre": 0.5839383444889811,
  "inference_time": 4.679102420806885
}