trial_id,completed,failed,fail_reason,n_steps,n_features,epochs,patience,patch_size,patch_stride,downsampling_ratio,ffn_ratio,num_blocks,large_size,small_size,dims,small_kernel_merged,backbone_dropout,head_dropout,use_multi_scale,individual,apply_nonstationary_norm,batch_size,lr,mae,mse,mre,inference_time
2,True,False,,12,13,1000,10,4,3,2,4,[1],[5],[3],[24],False,0.0,0.0,False,False,False,32,0.00027033526568844576,0.3176046580946626,0.29985811523035777,0.4052313326153016,0.017864465713500977
3,True,False,,12,13,1000,10,4,3,2,4,[1],[5],[3],[24],False,0.1,0.0,False,False,False,16,0.00012729109889105179,0.3197935630832861,0.3083526975379858,0.40802415338445985,0.02975177764892578
16,True,False,,12,13,1000,10,6,6,3,2,[1],[5],[3],[24],False,0.1,0.1,False,False,False,32,0.0002557309932402635,0.33506899809749063,0.3295615230357876,0.4275140592448442,0.025785446166992188
9,True,False,,12,13,1000,10,4,4,3,4,[1],[5],[3],[32],False,0.2,0.1,False,False,False,16,0.00014714660646830195,0.34873863857305365,0.35949902865975925,0.44495513413182985,0.03701376914978027
19,True,False,,12,13,1000,10,4,4,3,2,[1],[5],[3],[32],False,0.1,0.2,False,False,False,16,0.0019579240262919523,0.4118282266332012,0.4873300455863069,0.5254510500202677,0.03638339042663574
5,True,False,,12,13,1000,10,6,3,2,2,"[1, 1]","[5, 5]","[3, 3]","[24, 32]",False,0.1,0.2,False,False,False,32,0.0020037029139080525,0.43135174367222834,0.5346793171212976,0.5503610777085406,0.02260112762451172
12,True,False,,12,13,1000,10,3,3,2,2,"[1, 1]","[5, 5]","[3, 3]","[24, 32]",False,0.2,0.0,False,False,False,16,0.003358682439341559,0.5823778774649062,0.9384578828799873,0.7430551075243841,0.04786515235900879
