{
  "mae": 0.4315323635463799,
  "mse": 0.52512479191305,
  "mre": 0.55059153034969,
  "inference_time": 0.014032125473022461
}