{
  "mae": 0.3343308257460759,
  "mse": 0.6419245901148876,
  "mre": 0.415896998456195,
  "inference_time": 0.47977709770202637
}