{
  "mae": 0.6947728410906364,
  "mse": 0.8989465089871691,
  "mre": 0.9834886567272775,
  "inference_time": 0.14876246452331543
}