{
  "mae": 0.5897740418022173,
  "mse": 0.7994630453607487,
  "mre": 0.783745303098717,
  "inference_time": 0.44115376472473145
}