{
  "mae": 0.8364728820122889,
  "mse": 1.6180999893947958,
  "mre": 1.0672545632922446,
  "inference_time": 0.045682668685913086
}