{
  "mae": 0.6942895092641795,
  "mse": 0.829823858260317,
  "mre": 0.8052755783624508,
  "inference_time": 1.895935297012329
}