Model,Overall_Avg_Rank,Classification_Rank,Forecasting_Rank,Regression_Rank,Valid_Tasks,Category,Global_Rank
Naive_locf,1.7592592592592593,1.5,2.2222222222222223,1.5555555555555556,3,Naive,1
Naive_linear_interpolation,1.777777777777778,2.0,1.6666666666666667,1.6666666666666667,3,Naive,2
Naive_median,3.092592592592593,2.8333333333333335,2.888888888888889,3.5555555555555554,3,Naive,3
Naive_mean,3.3703703703703702,3.6666666666666665,3.2222222222222223,3.2222222222222223,3,Naive,4
