{
  "mae": 0.144155222219187,
  "mse": 0.12135546553630189,
  "mre": 0.18392744348832893,
  "inference_time": 0.017914295196533203
}