{
  "mae": 0.6759457993635937,
  "mse": 0.8132834574930006,
  "mre": 0.7839995236296597,
  "inference_time": 0.04631638526916504
}