{
  "mae": 0.7594488714381094,
  "mse": 1.4100781072850268,
  "mre": 0.9447304340161089,
  "inference_time": 5.147418022155762
}