{
  "mae": 0.41799914134552113,
  "mse": 0.4212426374593381,
  "mre": 0.591700466284393,
  "inference_time": 0.3068408966064453
}