{
  "mae": 0.6699714141894884,
  "mse": 0.8257072373490244,
  "mre": 0.9483808911594122,
  "inference_time": 4.587029933929443
}