{
  "mae": 0.5846118381435286,
  "mse": 0.7189034456381329,
  "mre": 0.8275497794359485,
  "inference_time": 1.0442883968353271
}