{
  "mae": 0.48540734006134895,
  "mse": 1.0361012454019802,
  "mre": 0.60383141551371,
  "inference_time": 13.790416479110718
}