{
  "mae": 0.4717960404279308,
  "mse": 0.9638189388022473,
  "mre": 0.5868993882320678,
  "inference_time": 9.876397371292114
}