{
  "mae": 0.22789688763383975,
  "mse": 0.15756774197422171,
  "mre": 0.30285007920666757,
  "inference_time": 0.05327177047729492
}