{
  "mae": 0.7219437458545214,
  "mse": 1.1722579632671108,
  "mre": 0.9593844079436861,
  "inference_time": 2.3196122646331787
}