{
  "mae": 0.5467166275663623,
  "mse": 0.5804218053323308,
  "mre": 0.6341123444749495,
  "inference_time": 0.03439140319824219
}