{
  "mae": 0.31020839893037633,
  "mse": 0.28899956766586765,
  "mre": 0.4391168213924978,
  "inference_time": 0.25316691398620605
}