{
  "mae": 0.7036130602781455,
  "mse": 0.9196134478004535,
  "mre": 0.9960024666802544,
  "inference_time": 0.25087904930114746
}