{
  "mae": 0.260661427225027,
  "mse": 0.25022865200231575,
  "mre": 0.3689803943973016,
  "inference_time": 1.082824468612671
}