{
  "mae": 0.8614529799940375,
  "mse": 1.3251681745126498,
  "mre": 0.9991610667313098,
  "inference_time": 0.019802331924438477
}