{
  "mae": 0.4937378061934696,
  "mse": 1.0540259441687032,
  "mre": 0.6141942525400551,
  "inference_time": 0.3168950080871582
}