{
  "mae": 0.464888432848677,
  "mse": 0.6747510321917494,
  "mre": 0.6092879069106727,
  "inference_time": 0.03911542892456055
}