{
  "mae": 0.34926834639969395,
  "mse": 0.3516857503422587,
  "mre": 0.44563098759624037,
  "inference_time": 0.18090343475341797
}