{
  "mae": 0.12777489019195415,
  "mse": 0.07409121263473427,
  "mre": 0.1630278010967546,
  "inference_time": 0.11807870864868164
}