{
  "mae": 0.33506899809749063,
  "mse": 0.3295615230357876,
  "mre": 0.4275140592448442,
  "inference_time": 0.025785446166992188
}