{
  "mae": 0.4555657032535477,
  "mse": 0.5971028913641503,
  "mre": 0.5812556343812786,
  "inference_time": 0.04274559020996094
}