{
  "mae": 0.958155147468633,
  "mse": 1.5892381070808268,
  "mre": 1.1113216176296483,
  "inference_time": 1.8770699501037598
}