{
  "mae": 0.35590204103050455,
  "mse": 0.3590310859943065,
  "mre": 0.5037986512399163,
  "inference_time": 0.1862964630126953
}