{
  "mae": 0.14025097130868155,
  "mse": 0.18949153647889622,
  "mre": 0.18637822662102596,
  "inference_time": 0.11270260810852051
}