{
  "mae": 0.4636491211011312,
  "mse": 0.9208562906263384,
  "mre": 0.5767648776402922,
  "inference_time": 12.387161254882812
}