{
  "mae": 0.25540917108193045,
  "mse": 0.3422815423220471,
  "mre": 0.33941089979495787,
  "inference_time": 0.17697358131408691
}