{
  "mae": 0.8020962422998916,
  "mse": 1.5094481825224861,
  "mre": 0.9977824177626947,
  "inference_time": 4.562850713729858
}