{
  "mae": 0.19199169295699905,
  "mse": 0.35486833543026125,
  "mre": 0.23883160833630218,
  "inference_time": 3.135753870010376
}