{
  "mae": 0.2345870650866471,
  "mse": 0.3472210158659971,
  "mre": 0.3117405945293021,
  "inference_time": 2.205395460128784
}