{
  "mae": 0.22143732299464114,
  "mse": 0.3306178186162261,
  "mre": 0.2942660231323037,
  "inference_time": 1.2782745361328125
}