{
  "mae": 0.7491290138192538,
  "mse": 1.3804405635093597,
  "mre": 0.9318928567493416,
  "inference_time": 4.328308820724487
}