{
  "mae": 0.536719448757275,
  "mse": 0.9661505245206722,
  "mre": 0.6676620597370512,
  "inference_time": 9.637346982955933
}