{
  "mae": 0.13937908284944,
  "mse": 0.05599030059979,
  "mre": 0.16165961037228288,
  "inference_time": 0.055336952209472656
}