{
  "mae": 0.36196009581734745,
  "mse": 0.2553519807085363,
  "mre": 0.4198214456853248,
  "inference_time": 3.771311044692993
}