{
  "mae": 0.11360006733112768,
  "mse": 0.21364446055478348,
  "mre": 0.15096208529355215,
  "inference_time": 1.0410592555999756
}