{
  "mae": 0.803703408803645,
  "mse": 1.1022846322915247,
  "mre": 1.1376857861781546,
  "inference_time": 4.5480523109436035
}