{
  "mae": 0.8603162774649604,
  "mse": 1.4185289295802141,
  "mre": 1.217824373728285,
  "inference_time": 5.022610425949097
}