{
  "mae": 0.27173998730033255,
  "mse": 0.3929440622165604,
  "mre": 0.3380359702894053,
  "inference_time": 0.5243008136749268
}