{
  "mae": 0.30225476670561335,
  "mse": 0.4533074642236275,
  "mre": 0.37599539307038454,
  "inference_time": 0.31769227981567383
}