{
  "mae": 0.13717904001571335,
  "mse": 0.18404300802512027,
  "mre": 0.18229596536220777,
  "inference_time": 0.044181108474731445
}