{
  "mae": 0.30105036898053494,
  "mse": 0.28399697498788146,
  "mre": 0.4261531330602092,
  "inference_time": 0.25047993659973145
}