{
  "mae": 0.6709741809060569,
  "mse": 0.967180969226072,
  "mre": 0.8916514215828851,
  "inference_time": 0.12324881553649902
}