{
  "mae": 0.7947518484933035,
  "mse": 1.2575509207589284,
  "mre": 0.8950966098665015,
  "inference_time": 0.03743720054626465
}