{
  "mae": 0.699262075943442,
  "mse": 0.9374121959257447,
  "mre": 0.9898434122588672,
  "inference_time": 1.06144118309021
}