{
  "mae": 0.42059721090347607,
  "mse": 0.3985968850451056,
  "mre": 0.4878320322409699,
  "inference_time": 0.04851579666137695
}