{
  "mae": 0.365864463422402,
  "mse": 0.3792534832687985,
  "mre": 0.5179010007223405,
  "inference_time": 0.0754551887512207
}