{
  "mae": 0.1449450010725717,
  "mse": 0.11564527642623916,
  "mre": 0.18493512120674913,
  "inference_time": 0.012253046035766602
}