{
  "mae": 0.1491341192699763,
  "mse": 0.0754359758032638,
  "mre": 0.19028001117089857,
  "inference_time": 0.02495431900024414
}