{
  "mae": 0.49454964433513976,
  "mse": 0.568247097092124,
  "mre": 0.7000618570936171,
  "inference_time": 0.16161704063415527
}