{
  "mae": 0.8716013721290437,
  "mse": 1.3035825383658228,
  "mre": 1.0109317362242525,
  "inference_time": 0.04352092742919922
}