{
  "mae": 0.6510218655999329,
  "mse": 0.9509017235062728,
  "mre": 0.8306378745872495,
  "inference_time": 0.04610776901245117
}