{
  "mae": 0.09248450832978007,
  "mse": 0.17824521888127348,
  "mre": 0.12290181302548266,
  "inference_time": 1.796677589416504
}