{
  "mae": 0.28479789085529467,
  "mse": 0.506214511003754,
  "mre": 0.35427959031014444,
  "inference_time": 0.13580894470214844
}