{
  "mae": 0.2774661747265138,
  "mse": 0.17884557685234984,
  "mre": 0.32182069777449535,
  "inference_time": 0.03090810775756836
}