{
  "mae": 0.1504819141107054,
  "mse": 0.07194484520821547,
  "mre": 0.19199966069580543,
  "inference_time": 0.046772003173828125
}