{
  "mae": 0.8942315170053916,
  "mse": 1.454487671252851,
  "mre": 1.0371794365863691,
  "inference_time": 0.03873276710510254
}