{
  "mae": 0.16464277448003853,
  "mse": 0.26638274250392174,
  "mre": 0.2187922696522219,
  "inference_time": 3.92830753326416
}