{
  "mae": 0.11525010561100407,
  "mse": 0.18101907051788216,
  "mre": 0.15315480599694978,
  "inference_time": 3.0835535526275635
}