{
  "mae": 0.2886490507375051,
  "mse": 0.1682760269500466,
  "mre": 0.33479121918861054,
  "inference_time": 3.743858575820923
}