{
  "mae": 0.3792245025472049,
  "mse": 0.37464584478197716,
  "mre": 0.5368128610536257,
  "inference_time": 0.13599085807800293
}