{
  "mae": 0.14280288767134644,
  "mse": 0.22283233002879463,
  "mre": 0.1897694448188084,
  "inference_time": 1.4996685981750488
}