{
  "mae": 0.22981336254244858,
  "mse": 0.136474862527867,
  "mre": 0.266550316499702,
  "inference_time": 0.02263474464416504
}