{
  "mae": 0.7037619334330176,
  "mse": 0.924136949284795,
  "mre": 0.9962132047092165,
  "inference_time": 2.1634886264801025
}