{
  "mae": 0.4482603543661486,
  "mse": 0.4670301967364508,
  "mre": 0.6345368553664359,
  "inference_time": 6.207484722137451
}