{
  "mae": 0.4432767289716025,
  "mse": 0.4501059090448795,
  "mre": 0.6274822631961086,
  "inference_time": 4.366146564483643
}