{
  "mae": 0.24927953067710948,
  "mse": 0.24575275993244072,
  "mre": 0.35286870222270794,
  "inference_time": 0.329237699508667
}