{
  "mae": 0.5694896142599202,
  "mse": 0.833627547166335,
  "mre": 0.7567895137870319,
  "inference_time": 5.5083839893341064
}