{
  "mae": 0.4515126914004434,
  "mse": 0.6950048499659872,
  "mre": 0.5616675420200217,
  "inference_time": 0.5868804454803467
}