{
  "mae": 0.3042963681549344,
  "mse": 0.4890161753451664,
  "mre": 0.3785350808569403,
  "inference_time": 0.4996645450592041
}