{
  "mae": 0.3849214893562319,
  "mse": 0.4267534940932228,
  "mre": 0.4911207821064189,
  "inference_time": 0.025012969970703125
}