{
  "mae": 0.3195057524432288,
  "mse": 0.21811471288009376,
  "mre": 0.37058053759379406,
  "inference_time": 0.022400856018066406
}