{
  "mae": 0.38273794648064846,
  "mse": 0.29509958831268135,
  "mre": 0.44392075222353117,
  "inference_time": 0.030187129974365234
}