{
  "mae": 0.13390423439687235,
  "mse": 0.04616923195749136,
  "mre": 0.15530957671159762,
  "inference_time": 0.08072829246520996
}