{
  "mae": 0.329221071896853,
  "mse": 0.3131882335265836,
  "mre": 0.4200526985030443,
  "inference_time": 0.03446841239929199
}