{
  "mae": 0.2124160359480109,
  "mse": 0.34969430845468746,
  "mre": 0.26423884659034563,
  "inference_time": 9.104567050933838
}