{
  "mae": 0.34228032153857296,
  "mse": 0.5957505617614824,
  "mre": 0.4257859204003854,
  "inference_time": 0.09519529342651367
}