{
  "mae": 0.14292470225087409,
  "mse": 0.07204553689646748,
  "mre": 0.18235742480673714,
  "inference_time": 0.03655505180358887
}