{
  "mae": 0.7000879512285009,
  "mse": 0.9314279407240074,
  "mre": 0.9910124835389877,
  "inference_time": 0.8381407260894775
}