{
  "mae": 0.13465051394065253,
  "mse": 0.23366983680632325,
  "mre": 0.1789358303026249,
  "inference_time": 1.5612430572509766
}