{
  "mae": 0.3145176370272858,
  "mse": 0.44645546022712956,
  "mre": 0.39125001683371835,
  "inference_time": 0.6057407855987549
}