{
  "mae": 0.3395899830093724,
  "mse": 0.5320672507621376,
  "mre": 0.42243922415534524,
  "inference_time": 0.2505004405975342
}