{
  "mae": 0.39000492736740444,
  "mse": 0.29778566680870217,
  "mre": 0.45234940073174973,
  "inference_time": 0.02271294593811035
}