{
  "mae": 0.1762369925570752,
  "mse": 0.12271142015727833,
  "mre": 0.22486052874177523,
  "inference_time": 0.05029296875
}