{
  "mae": 0.3701506558949421,
  "mse": 0.38408151069643326,
  "mre": 0.5239683387470622,
  "inference_time": 0.10474801063537598
}