{
  "mae": 0.4038028732899146,
  "mse": 0.6887739034037943,
  "mre": 0.5023180336258115,
  "inference_time": 0.128035306930542
}