{
  "mae": 0.3467309610667172,
  "mse": 0.4845432044418475,
  "mre": 0.46076758709918875,
  "inference_time": 1.2892801761627197
}