{
  "mae": 0.4373390748212838,
  "mse": 0.6158574511359928,
  "mre": 0.5811758766210096,
  "inference_time": 0.42635130882263184
}