{
  "mae": 0.15466277531036632,
  "mse": 0.3137255070812653,
  "mre": 0.19239561258207202,
  "inference_time": 15.936614751815796
}