{
  "mae": 0.3280996340827197,
  "mse": 0.21460011568073406,
  "mre": 0.38054819937649026,
  "inference_time": 0.03771710395812988
}