{
  "mae": 0.7329146235378963,
  "mse": 1.1679291458734722,
  "mre": 0.9739635064556194,
  "inference_time": 0.6903195381164551
}