{
  "mae": 0.3050301170902892,
  "mse": 0.18766397976964297,
  "mre": 0.3537908908031396,
  "inference_time": 3.8228559494018555
}