{
  "mae": 0.6926341089153045,
  "mse": 0.9010466981888386,
  "mre": 0.9804611652799798,
  "inference_time": 2.6470582485198975
}