{
  "mae": 0.34068785664276763,
  "mse": 0.375822803488519,
  "mre": 0.45273696117687345,
  "inference_time": 0.2999110221862793
}