{
  "mae": 0.5267934544201202,
  "mse": 0.7563513218743569,
  "mre": 0.6721350210300044,
  "inference_time": 0.025803327560424805
}