{
  "mae": 0.1739744110295724,
  "mse": 0.11569919374341188,
  "mre": 0.22197370418120013,
  "inference_time": 0.06777000427246094
}