{
  "mae": 0.29389675778009633,
  "mse": 0.16788642468762954,
  "mre": 0.3408778016119544,
  "inference_time": 3.6697709560394287
}