{
  "mae": 0.3969913676904084,
  "mse": 0.7941668726852436,
  "mre": 0.4938447355759519,
  "inference_time": 0.943056583404541
}