{
  "mae": 0.3122178644481747,
  "mse": 0.37518010222720516,
  "mre": 0.38838917230749265,
  "inference_time": 0.5308682918548584
}