{
  "mae": 0.4110128673691769,
  "mse": 0.6702244565833564,
  "mre": 0.5112870387714201,
  "inference_time": 0.29788923263549805
}