{
  "mae": 0.26170453782125747,
  "mse": 0.2510231924161182,
  "mre": 0.37045697404813294,
  "inference_time": 0.3470726013183594
}