{
  "mae": 0.3734355710362551,
  "mse": 0.7191216207704517,
  "mre": 0.4645420677682652,
  "inference_time": 6.902061223983765
}