{
  "mae": 0.4389413281265384,
  "mse": 0.4648486221468987,
  "mre": 0.6213452680499062,
  "inference_time": 0.6040451526641846
}