{
  "mae": 0.278653625632597,
  "mse": 0.26121350077249744,
  "mre": 0.39444932754623463,
  "inference_time": 0.5261402130126953
}