{
  "mae": 0.33498362864933723,
  "mse": 0.3773195351404988,
  "mre": 0.44515666502820955,
  "inference_time": 0.21870827674865723
}