{
  "mae": 0.8614111591403979,
  "mse": 1.29913575636406,
  "mre": 0.9991125605798372,
  "inference_time": 0.049890995025634766
}