{
  "mae": 0.23926050797838494,
  "mse": 0.23035065410045946,
  "mre": 0.33868623193469155,
  "inference_time": 0.49117207527160645
}