{
  "mae": 0.3684898150429974,
  "mse": 0.3828726777363923,
  "mre": 0.5216173283996328,
  "inference_time": 0.11319708824157715
}