{
  "mae": 0.1806725446922081,
  "mse": 0.2504613284416685,
  "mre": 0.24009408394562334,
  "inference_time": 17.529361724853516
}