{
  "mae": 0.4110528331385616,
  "mse": 0.4763211327948159,
  "mre": 0.546244331665255,
  "inference_time": 12.835296869277954
}