{
  "mae": 0.13110890567259403,
  "mse": 0.22531908259241126,
  "mre": 0.17422941962875993,
  "inference_time": 1.0752437114715576
}