{
  "mae": 0.7513250980981332,
  "mse": 1.2220436388060465,
  "mre": 0.9586146266119427,
  "inference_time": 0.025147438049316406
}