{
  "mae": 0.16102175233002222,
  "mse": 0.20655857084294033,
  "mre": 0.2139803266005753,
  "inference_time": 0.06674075126647949
}