{
  "mae": 0.232511997420676,
  "mse": 0.11829042375359675,
  "mre": 0.2696803432873123,
  "inference_time": 0.06139016151428223
}