{
  "mae": 0.5337632731883662,
  "mse": 0.6191172246468639,
  "mre": 0.7555708765678406,
  "inference_time": 9.241068124771118
}