{
  "mae": 0.6454060428835137,
  "mse": 0.7964185798331425,
  "mre": 0.9136072750954991,
  "inference_time": 9.874014139175415
}