{
  "mae": 0.4108757138167743,
  "mse": 0.41133913953761947,
  "mre": 0.5816168680819304,
  "inference_time": 2.397843360900879
}