{
  "mae": 0.4529597586669522,
  "mse": 0.7477159002513164,
  "mre": 0.5634676480418407,
  "inference_time": 0.3521573543548584
}