{
  "mae": 0.17042151717480583,
  "mse": 0.10766464729262003,
  "mre": 0.217440571953087,
  "inference_time": 0.032044172286987305
}