{
  "mae": 0.15742097867952354,
  "mse": 0.11806689834751641,
  "mre": 0.2008532033333561,
  "inference_time": 0.017845869064331055
}