{
  "mae": 0.8020587948149455,
  "mse": 1.5109880073568316,
  "mre": 0.9977358342729609,
  "inference_time": 18.25019145011902
}