{
  "mae": 0.5851243223604052,
  "mse": 0.7150618665102652,
  "mre": 0.6786597245320387,
  "inference_time": 0.048464059829711914
}