{
  "mae": 0.8614852822998752,
  "mse": 1.3001142428258499,
  "mre": 0.9991985327417693,
  "inference_time": 0.04809212684631348
}