{
  "mae": 0.382115291688809,
  "mse": 0.28724329286667866,
  "mre": 0.4431985625736399,
  "inference_time": 0.020116090774536133
}