{
  "mae": 0.12271820804446586,
  "mse": 0.2331762657528189,
  "mre": 0.16307909867588838,
  "inference_time": 1.3916034698486328
}