{
  "mae": 0.6372842935050288,
  "mse": 0.8827397944965778,
  "mre": 0.7391577593869383,
  "inference_time": 0.04874110221862793
}