{
  "mae": 0.32802973857612233,
  "mse": 0.22123413845396092,
  "mre": 0.38046713068144433,
  "inference_time": 0.0563509464263916
}