{
  "mae": 0.40733417741875205,
  "mse": 0.39864431260806066,
  "mre": 0.576603631137645,
  "inference_time": 1.3560466766357422
}