{
  "mae": 0.41703394758357354,
  "mse": 0.4129610650757821,
  "mre": 0.5903341821404571,
  "inference_time": 1.260340929031372
}