{
  "mae": 0.4612195801648653,
  "mse": 0.49027763527960877,
  "mre": 0.6528813426854827,
  "inference_time": 10.57962965965271
}