{
  "mae": 0.15594871580625252,
  "mse": 0.09502236708747361,
  "mre": 0.1989747452223361,
  "inference_time": 0.0669393539428711
}