{
  "mae": 0.24505865855713388,
  "mse": 0.13831185365009976,
  "mre": 0.28423265852233104,
  "inference_time": 0.057282209396362305
}