{
  "mae": 0.09039177158675762,
  "mse": 0.18767784843735194,
  "mre": 0.1201207944035814,
  "inference_time": 0.4567902088165283
}