{
  "mae": 0.7915486971668035,
  "mse": 1.6396585807345223,
  "mre": 1.0099358595905934,
  "inference_time": 0.029860258102416992
}