{
  "mae": 0.8689622028592904,
  "mse": 1.3632389228406259,
  "mre": 1.0078706809558973,
  "inference_time": 0.042082786560058594
}