{
  "mae": 0.3168302810523381,
  "mse": 0.20387175032727595,
  "mre": 0.3674773771067876,
  "inference_time": 0.03818798065185547
}