{
  "mae": 0.14125608995783623,
  "mse": 0.06831538750771285,
  "mre": 0.1802284447496359,
  "inference_time": 0.04330158233642578
}