{
  "mae": 0.8560832026389462,
  "mse": 1.289685256052986,
  "mre": 0.9929329003718879,
  "inference_time": 0.04216766357421875
}