{
  "mae": 0.1418466571916135,
  "mse": 0.1181298792975177,
  "mre": 0.18098194864525938,
  "inference_time": 0.02852916717529297
}