{
  "mae": 0.7316130748397082,
  "mse": 1.1687358691818537,
  "mre": 0.9722338903541002,
  "inference_time": 0.757493257522583
}