{
  "mae": 0.14051518191137902,
  "mse": 0.0779613650222709,
  "mre": 0.17928312122443188,
  "inference_time": 0.05560135841369629
}