{
  "mae": 0.4080066123846281,
  "mse": 0.5351227070264293,
  "mre": 0.5205750578229827,
  "inference_time": 0.09199285507202148
}