{
  "mae": 0.5172290514602857,
  "mse": 0.8771722324627894,
  "mre": 0.6778860988787173,
  "inference_time": 0.07437634468078613
}