{
  "mae": 0.14990578832811594,
  "mse": 0.32669033321470864,
  "mre": 0.1864780708681179,
  "inference_time": 7.429716110229492
}