{
  "mae": 0.14197844391936185,
  "mse": 0.11451669094347744,
  "mre": 0.18115009514420197,
  "inference_time": 0.017185449600219727
}