{
  "mae": 0.7632715166064095,
  "mse": 1.4032203459222494,
  "mre": 0.949485683993766,
  "inference_time": 3.895256757736206
}