{
  "mae": 0.49877402544027616,
  "mse": 0.9334949398163311,
  "mre": 0.6204591503808093,
  "inference_time": 5.128924369812012
}