{
  "mae": 0.5003993742284145,
  "mse": 0.891994072176312,
  "mre": 0.6224810329904152,
  "inference_time": 4.889275789260864
}