{
  "mae": 0.6096017163557947,
  "mse": 1.201716094681972,
  "mre": 0.7777899649374984,
  "inference_time": 0.16906142234802246
}