{
  "mae": 0.2998077003419374,
  "mse": 0.2635141527245731,
  "mre": 0.3825242194706148,
  "inference_time": 0.11487841606140137
}