{
  "mae": 0.4570552020934027,
  "mse": 0.6850363991477271,
  "mre": 0.5831560838376071,
  "inference_time": 0.01363062858581543
}