{
  "mae": 0.8605177320419428,
  "mse": 1.3140632695847154,
  "mre": 0.9980763141526147,
  "inference_time": 0.04089713096618652
}