{
  "mae": 0.21329416596168913,
  "mse": 0.19991701486437097,
  "mre": 0.3019294658094743,
  "inference_time": 1.352090835571289
}