{
  "mae": 0.8034735322554232,
  "mse": 1.533877622603361,
  "mre": 0.9994957230112645,
  "inference_time": 36.50629687309265
}