{
  "mae": 0.8020685872584465,
  "mse": 1.5148184766382806,
  "mre": 0.997748015763706,
  "inference_time": 22.393973350524902
}