{
  "mae": 0.19466937266162354,
  "mse": 0.37331471555264417,
  "mre": 0.24216255740297962,
  "inference_time": 3.9278407096862793
}