{
  "mae": 0.34884517074084803,
  "mse": 0.665306829240256,
  "mre": 0.4339523856745669,
  "inference_time": 0.8031361103057861
}