{
  "mae": 0.18576003287505355,
  "mse": 0.3512258663015545,
  "mre": 0.2310796198150617,
  "inference_time": 15.228326559066772
}