{
  "mae": 0.15317295221607988,
  "mse": 0.06254306130268818,
  "mre": 0.17765850706287142,
  "inference_time": 0.03421926498413086
}