{
  "mae": 0.4248051057701998,
  "mse": 0.852362232622005,
  "mre": 0.5284441481710012,
  "inference_time": 1.202115774154663
}