{
  "mae": 0.33566419733062913,
  "mse": 0.6891251027468444,
  "mre": 0.4175556706369757,
  "inference_time": 0.3544468879699707
}