{
  "mae": 0.1427430153285363,
  "mse": 0.11946476913194796,
  "mre": 0.18212561072032107,
  "inference_time": 0.01240086555480957
}