{
  "mae": 0.10252206104658487,
  "mse": 0.26208335859357285,
  "mre": 0.12753420917639655,
  "inference_time": 17.71684956550598
}