{
  "mae": 0.2997275663802996,
  "mse": 0.4090078948338124,
  "mre": 0.3983052079435986,
  "inference_time": 19.503183841705322
}