{
  "mae": 0.09983821800754579,
  "mse": 0.2272036344038951,
  "mre": 0.12419559311617225,
  "inference_time": 19.914209842681885
}