{
  "mae": 0.1748253429232073,
  "mse": 0.2906715872840403,
  "mre": 0.23232379126078237,
  "inference_time": 0.1796262264251709
}