{
  "mae": 0.1998149298756093,
  "mse": 0.25759169568501733,
  "mre": 0.2655322236639333,
  "inference_time": 0.09187078475952148
}