{
  "mae": 0.2679611074242852,
  "mse": 0.24171797369106068,
  "mre": 0.3418911967539555,
  "inference_time": 0.03296089172363281
}