{
  "mae": 0.3369101750475549,
  "mse": 0.6345895086417576,
  "mre": 0.41910562760387016,
  "inference_time": 0.5665483474731445
}