{
  "mae": 0.6913795619524085,
  "mse": 0.8887372666898458,
  "mre": 0.9786852859790517,
  "inference_time": 0.5771753787994385
}