{
  "mae": 0.26219272394875415,
  "mse": 0.5143952364043486,
  "mre": 0.32615947591431577,
  "inference_time": 51.55776619911194
}