{
  "mae": 0.22357851475921664,
  "mse": 0.21966962000077986,
  "mre": 0.3164875195876237,
  "inference_time": 1.0600605010986328
}