{
  "mae": 0.2282988601298365,
  "mse": 0.21846013088643218,
  "mre": 0.3231694245978314,
  "inference_time": 0.6452760696411133
}