{
  "mae": 0.2856676222254415,
  "mse": 0.500290673184727,
  "mre": 0.35536150869293215,
  "inference_time": 0.1441652774810791
}