{
  "mae": 0.11164413549661518,
  "mse": 0.2009510295592369,
  "mre": 0.148362865457094,
  "inference_time": 1.1823692321777344
}