{
  "mae": 0.48627132933089856,
  "mse": 0.7126755551440187,
  "mre": 0.6373125668522144,
  "inference_time": 0.13359379768371582
}