{
  "mae": 0.1575421074789181,
  "mse": 0.08539948802776953,
  "mre": 0.20100775139663452,
  "inference_time": 0.023603200912475586
}