{
  "mae": 0.3413072103428997,
  "mse": 0.3337671290820795,
  "mre": 0.48313887644851505,
  "inference_time": 0.631772518157959
}