{
  "mae": 2.4625199377783393,
  "mse": 11.073264426265753,
  "mre": 3.2724201104597723,
  "inference_time": 5.933917999267578
}