{
  "mae": 8.721047450596423,
  "mse": 118.34043986818693,
  "mre": 11.589319795458469,
  "inference_time": 6.151773452758789
}