{
  "mae": 0.3453974682283024,
  "mse": 0.23446167954168387,
  "mre": 0.4006111892533856,
  "inference_time": 1.6924760341644287
}