{
  "mae": 0.36948911141381713,
  "mse": 0.3843816754021367,
  "mre": 0.5230318866369226,
  "inference_time": 0.1058952808380127
}