Model,Avg_Rank_Across_Datasets,Valid_Datasets,Total_Datasets,Overall_Rank
HELIX,1.4444444444444444,3,5,1.0
SAITS,3.066666666666667,5,5,2.0
ImputeFormer,3.6,5,5,3.0
NonstationaryTransformer,4.4,5,5,4.0
PatchTST,4.866666666666666,5,5,5.0
FreTS,5.4,5,5,6.0
TimeMixer,6.2,5,5,7.0
TEFN,6.4,5,5,8.0
iTransformer,7.533333333333333,5,5,9.0
ModernTCN,9.933333333333334,5,5,10.0
TimeLLM,10.333333333333332,2,5,11.0
TOTEM,10.6,5,5,12.0
TimeMixerPP,11.666666666666666,3,5,13.0
