Model,Avg_Rank_Across_Datasets,Valid_Datasets,Total_Datasets,Overall_Rank
HELIX,1.6,5,5,1.0
ImputeFormer,3.333333333333333,5,5,2.0
SAITS,3.8,5,5,3.0
NonstationaryTransformer,4.8,5,5,4.0
PatchTST,5.4,5,5,5.0
FreTS,5.733333333333333,5,5,6.0
TEFN,6.666666666666666,5,5,7.0
iTransformer,8.133333333333333,5,5,8.0
TimeMixer,8.666666666666668,5,5,9.0
ModernTCN,9.333333333333332,5,5,10.0
TimeMixerPP,9.555555555555555,3,5,11.0
TimeLLM,10.5,2,5,12.0
TOTEM,11.0,5,5,13.0
MOMENT,13.5,2,5,14.0
