Model,Avg_Rank_Across_Datasets,Valid_Datasets,Total_Datasets,Overall_Rank
HELIX,1.75,4,5,1.0
ImputeFormer,3.1333333333333333,5,5,2.0
SAITS,3.6,5,5,3.0
NonstationaryTransformer,4.6,5,5,4.0
PatchTST,5.2,5,5,5.0
FreTS,5.533333333333333,5,5,6.0
TimeMixerPP,5.666666666666667,1,5,7.0
TEFN,6.466666666666666,5,5,8.0
iTransformer,7.933333333333333,5,5,9.0
TimeMixer,8.066666666666666,5,5,10.0
ModernTCN,9.133333333333333,5,5,11.0
TOTEM,10.4,5,5,12.0
TimeLLM,11.0,1,5,13.0
MOMENT,12.0,1,5,14.0
