Model,Avg_Rank_Across_Datasets,Valid_Datasets,Total_Datasets,Overall_Rank
HELIX,2.4,5,5,1.0
SAITS,3.266666666666667,5,5,2.0
ImputeFormer,3.8,5,5,3.0
NonstationaryTransformer,4.6,5,5,4.0
PatchTST,5.066666666666666,5,5,5.0
FreTS,5.733333333333333,5,5,6.0
TimeMixer,6.533333333333334,5,5,7.0
TEFN,6.6,5,5,8.0
iTransformer,7.933333333333333,5,5,9.0
ModernTCN,10.333333333333332,5,5,10.0
TimeLLM,10.333333333333332,2,5,10.0
TOTEM,11.0,5,5,12.0
TimeMixerPP,11.666666666666666,3,5,13.0
