{
  "mae": 0.7324923440247202,
  "mse": 1.1681385583472832,
  "mre": 0.9734023430920451,
  "inference_time": 0.2928762435913086
}