{
  "mae": 0.5060984525676585,
  "mse": 0.49094411437811053,
  "mre": 0.5870011265641764,
  "inference_time": 0.43846631050109863
}