{
  "mae": 0.6441402411755813,
  "mse": 1.25342883147313,
  "mre": 0.8012901361755995,
  "inference_time": 19.654077529907227
}