{
  "mae": 0.36371654652207785,
  "mse": 0.37663504471947823,
  "mre": 0.5148605077984296,
  "inference_time": 0.10417366027832031
}