{
  "mae": 0.14329951234140395,
  "mse": 0.09151833148612643,
  "mre": 0.18283564446942804,
  "inference_time": 0.08845353126525879
}