{
  "mae": 0.47631302076155363,
  "mse": 0.6625653105332369,
  "mre": 0.6242610978203709,
  "inference_time": 0.024234771728515625
}