{
  "mae": 0.10961738313386976,
  "mse": 0.04681070720840509,
  "mre": 0.1398606636049417,
  "inference_time": 0.11911273002624512
}