{
  "mae": 0.4367800332460596,
  "mse": 0.5016537464194056,
  "mre": 0.5066017694292386,
  "inference_time": 0.07828712463378906
}