{
  "mae": 0.714729107246197,
  "mse": 1.174293074027571,
  "mre": 0.804970258429506,
  "inference_time": 0.09193873405456543
}