{
  "mae": 0.6871343966293807,
  "mse": 0.910936467136302,
  "mre": 0.7969766808732137,
  "inference_time": 0.04156851768493652
}