{
  "mae": 0.29156129538182457,
  "mse": 0.4261869228855408,
  "mre": 0.36269305214290176,
  "inference_time": 0.3194000720977783
}