{
  "mae": 0.3808418568598675,
  "mse": 0.5997424341317931,
  "mre": 0.47375525365046833,
  "inference_time": 0.31611061096191406
}