{
  "mae": 0.9585753174252235,
  "mse": 24.719599823126245,
  "mre": 1.2738419283470679,
  "inference_time": 0.6165547370910645
}