{
  "mae": 0.1656508702694364,
  "mse": 0.0943831863936844,
  "mre": 0.2113537103355734,
  "inference_time": 0.07549142837524414
}