{
  "mae": 0.6688781643820473,
  "mse": 0.9423106470368382,
  "mre": 0.8888660444901769,
  "inference_time": 0.3134896755218506
}