{
  "mae": 0.10631825844479506,
  "mse": 0.04474218094706877,
  "mre": 0.135651315095263,
  "inference_time": 0.12309861183166504
}