{
  "mae": 0.11926100015923902,
  "mse": 0.20850503346651506,
  "mre": 0.15848484689498168,
  "inference_time": 1.0354740619659424
}