{
  "mae": 0.5756030504422046,
  "mse": 0.8619180394513571,
  "mre": 0.7344111153388877,
  "inference_time": 0.28882384300231934
}