{
  "mae": 0.4628757616464416,
  "mse": 0.6607960269854224,
  "mre": 0.5905825275125661,
  "inference_time": 0.20762348175048828
}