{
  "mae": 0.6005303003522211,
  "mse": 0.7552555010476653,
  "mre": 0.7662157581299261,
  "inference_time": 0.8616454601287842
}