{
  "mae": 0.24725154357529797,
  "mse": 0.2346991937381913,
  "mre": 0.34999797643629127,
  "inference_time": 0.4473395347595215
}