{
  "mae": 0.27026078593231534,
  "mse": 0.1576888196352654,
  "mre": 0.3134634872000134,
  "inference_time": 0.03862500190734863
}