{
  "mae": 0.864953172795261,
  "mse": 1.2945378927312314,
  "mre": 1.0032207849681194,
  "inference_time": 0.05329394340515137
}