{
  "mae": 0.22767441599565952,
  "mse": 0.21804215411347241,
  "mre": 0.3222854900419571,
  "inference_time": 0.34864282608032227
}