{
  "mae": 0.7177799250918585,
  "mse": 1.0559342691586915,
  "mre": 0.9538511448049597,
  "inference_time": 0.189192533493042
}