{
  "mae": 0.20575378044623774,
  "mse": 0.2737683774662308,
  "mre": 0.27342430759884495,
  "inference_time": 0.21683597564697266
}