{
  "mae": 0.4273190017757153,
  "mse": 0.37633041957758695,
  "mre": 0.4956283390554147,
  "inference_time": 0.6672754287719727
}