{
  "mae": 0.33582998597735625,
  "mse": 0.21845700087165587,
  "mre": 0.389514291345093,
  "inference_time": 0.7416336536407471
}