{
  "mae": 0.3366149254947595,
  "mse": 0.5826890167953692,
  "mre": 0.4187383464758764,
  "inference_time": 0.1491999626159668
}