{
  "mae": 0.24874370315748748,
  "mse": 0.23619860848542218,
  "mre": 0.352110209293302,
  "inference_time": 0.3673095703125
}