{
  "mae": 0.7446810383173831,
  "mse": 1.1391322986744996,
  "mre": 0.9895997869022023,
  "inference_time": 0.1577777862548828
}