{
  "mae": 0.44522407957213395,
  "mse": 0.5801145418785467,
  "mre": 0.5916541869574661,
  "inference_time": 8.326305150985718
}