{
  "mae": 0.31210703080445085,
  "mse": 0.23881932641895212,
  "mre": 0.36199908883602133,
  "inference_time": 0.006892204284667969
}