{
  "mae": 0.20200233032277184,
  "mse": 0.10063511877324952,
  "mre": 0.23429353491691227,
  "inference_time": 0.03090500831604004
}