{
  "mae": 0.1654393857863373,
  "mse": 0.06838755724292628,
  "mre": 0.19188579878473877,
  "inference_time": 0.05604076385498047
}