{
  "mae": 0.26934125877326565,
  "mse": 0.14460637311330227,
  "mre": 0.3123969684712363,
  "inference_time": 0.02820587158203125
}