{
  "mae": 0.3475886234502254,
  "mse": 0.3355538708179518,
  "mre": 0.4920305575475852,
  "inference_time": 0.7461714744567871
}