{
  "mae": 0.34115170551888335,
  "mse": 1.4737272185445063,
  "mre": 0.4243819576818684,
  "inference_time": 12.112176895141602
}