{
  "mae": 0.4912999135567065,
  "mse": 0.5473481688616235,
  "mre": 0.6954616868379844,
  "inference_time": 0.18130230903625488
}