{
  "mae": 0.12294193228985713,
  "mse": 0.2273575435867471,
  "mre": 0.16337640376917276,
  "inference_time": 0.854426383972168
}