{
  "mae": 0.3293122984740205,
  "mse": 0.3185802411691695,
  "mre": 0.4661594278233102,
  "inference_time": 0.45685482025146484
}