{
  "mae": 0.18519100815315193,
  "mse": 0.1293121927905504,
  "mre": 0.23628494453600107,
  "inference_time": 0.07232141494750977
}