{
  "mae": 0.42715136394714315,
  "mse": 0.3294347116730608,
  "mre": 0.49543390338044396,
  "inference_time": 0.02487921714782715
}