{
  "mae": 0.24950618349997933,
  "mse": 0.23415680047730386,
  "mre": 0.353189541592246,
  "inference_time": 0.21128153800964355
}