{
  "mae": 0.10986234629308282,
  "mse": 0.2717779760761256,
  "mre": 0.13666529242311276,
  "inference_time": 5.8322813510894775
}