{
  "mae": 0.34493884232151106,
  "mse": 0.349344219802486,
  "mre": 0.4401069794859988,
  "inference_time": 0.046004295349121094
}