{
  "mae": 0.3925737039786067,
  "mse": 0.5793604595690808,
  "mre": 0.521687586780023,
  "inference_time": 2.246124029159546
}