{
  "mae": 0.31836375454460014,
  "mse": 0.19415097135767698,
  "mre": 0.36925598493091205,
  "inference_time": 3.8506836891174316
}