{
  "mae": 0.4243785685829281,
  "mse": 0.7126453218298858,
  "mre": 0.5279135493680929,
  "inference_time": 0.3023977279663086
}