{
  "mae": 0.15764918855392596,
  "mse": 0.06356157123276128,
  "mre": 0.18285029486572363,
  "inference_time": 0.035048484802246094
}