{
  "mae": 0.3687202646642341,
  "mse": 0.2714298711877202,
  "mre": 0.42766226540874813,
  "inference_time": 0.01733875274658203
}