{
  "mae": 0.13111984398492582,
  "mse": 0.053395698892284044,
  "mre": 0.15208008588759908,
  "inference_time": 0.036057233810424805
}