{
  "mae": 0.14904703547279513,
  "mse": 0.1896362786630239,
  "mre": 0.19806723543754293,
  "inference_time": 0.04868578910827637
}