{
  "mae": 0.8231327209096048,
  "mse": 1.5932215475241664,
  "mre": 1.0502338706696186,
  "inference_time": 0.04173541069030762
}