{
  "mae": 0.218709231785631,
  "mse": 0.21001623269436373,
  "mre": 0.3095947853186801,
  "inference_time": 0.9003992080688477
}