{
  "mae": 0.4192197048926144,
  "mse": 0.35915652907572054,
  "mre": 0.4862343241742442,
  "inference_time": 0.944225549697876
}