{
  "mae": 0.40047702607353003,
  "mse": 0.29943004657202654,
  "mre": 0.4644955231053707,
  "inference_time": 0.9911718368530273
}