{
  "mae": 0.32167500755219036,
  "mse": 0.2745297807374151,
  "mre": 0.4104246857127625,
  "inference_time": 0.02475118637084961
}