{
  "mae": 0.7232401127043787,
  "mse": 1.0972310505564153,
  "mre": 0.9611071379345887,
  "inference_time": 0.12309384346008301
}