{
  "mae": 0.6956936537327733,
  "mse": 1.0262972222660898,
  "mre": 0.9245009018072324,
  "inference_time": 0.42534637451171875
}