{
  "mae": 0.6857896622122893,
  "mse": 0.8400319604750743,
  "mre": 0.9707724795745586,
  "inference_time": 9.332477331161499
}