{
  "mae": 0.4502667176163906,
  "mse": 0.4812632094882394,
  "mre": 0.63737697141759,
  "inference_time": 1.9156608581542969
}