{
  "mae": 0.40635477506555995,
  "mse": 0.4001113968222813,
  "mre": 0.5752172339618079,
  "inference_time": 1.2893657684326172
}