{
  "mae": 0.2274147701101776,
  "mse": 0.32625170013976185,
  "mre": 0.30220939766097404,
  "inference_time": 1.1653950214385986
}