{
  "mae": 0.22612856132807976,
  "mse": 0.3290202671135887,
  "mre": 0.3005001666329466,
  "inference_time": 2.732372760772705
}