{
  "mae": 0.22837028649205648,
  "mse": 0.3300882213790889,
  "mre": 0.3034791745979905,
  "inference_time": 3.3941164016723633
}