{
  "mae": 0.23803977079231273,
  "mse": 0.22401077127054703,
  "mre": 0.336958212207463,
  "inference_time": 0.3286280632019043
}