{
  "mae": 0.34789680032169107,
  "mse": 0.3632618422765193,
  "mre": 0.44388103390139644,
  "inference_time": 0.05669212341308594
}