{
  "mae": 0.7271436895286525,
  "mse": 1.0971764355200404,
  "mre": 0.9662945652956858,
  "inference_time": 0.38966965675354004
}