{
  "mae": 0.13930744058805988,
  "mse": 0.060453448934408675,
  "mre": 0.16157651569391274,
  "inference_time": 0.025805950164794922
}