{
  "mae": 0.42670228097994506,
  "mse": 0.8347239259214936,
  "mre": 0.5308041742724466,
  "inference_time": 2.2426013946533203
}