{
  "mae": 0.21538429743113605,
  "mse": 0.21221119562205656,
  "mre": 0.3048881603203923,
  "inference_time": 1.07969069480896
}