{
  "mae": 0.2683206038128921,
  "mse": 0.5181048502021869,
  "mre": 0.3337823651190664,
  "inference_time": 15.085401058197021
}