{
  "mae": 0.21751301877704432,
  "mse": 0.32216807464888453,
  "mre": 0.28905105132874065,
  "inference_time": 0.43257737159729004
}