trial_id,completed,failed,fail_reason,n_steps,n_features,epochs,patience,d_block_hidden,n_residual_layers,d_residual_hidden,d_embedding,n_embeddings,commitment_cost,compression_factor,batch_size,lr,mae,mse,mre,inference_time
24,True,False,,24,132,1000,10,64,1,24,48,768,0.1,4,8,0.00674345701557368,0.19581211654322353,0.2591610965909689,0.2602129218193629,0.12576627731323242
17,True,False,,24,132,1000,10,48,3,24,64,768,0.5,4,4,0.0003086514364086598,0.2273209210792984,0.27621708868297484,0.30208468254647497,0.30640649795532227
2,True,False,,24,132,1000,10,64,1,24,64,512,0.1,4,8,0.005668737357505589,0.23461330333454408,0.3229639818770201,0.31177546229575714,0.13000822067260742
11,True,False,,24,132,1000,10,48,3,32,64,768,0.1,4,8,0.0022158248289456998,0.25247552522556665,0.3265884997183707,0.3355124047817589,0.16597318649291992
16,True,False,,24,132,1000,10,48,2,24,96,256,0.1,4,8,0.0016976431851829091,0.25665542616836695,0.3383301156522746,0.34106703672406513,0.14796137809753418
20,True,False,,24,132,1000,10,64,3,48,64,768,0.25,4,8,0.000655417983777184,0.2831558303525368,0.3513186241222113,0.37628318025946644,0.1620934009552002
13,True,False,,24,132,1000,10,64,2,24,48,768,0.5,4,8,0.0005609470149339016,0.4779635730867629,0.5244811489292821,0.6351613989560001,0.14628243446350098
9,True,False,,24,132,1000,10,48,3,48,48,768,0.25,4,16,0.0005291389571345672,0.7423290549361464,1.0496693322752493,0.986474257805707,0.10116815567016602
23,True,False,,24,132,1000,10,96,3,48,48,256,0.1,4,16,0.0022024245756711363,0.7439503977027468,1.1395403486676563,0.9886288453052738,0.10263633728027344
