{
  "mae": 0.3679956905281132,
  "mse": 0.2805865369659891,
  "mre": 0.4268218640362002,
  "inference_time": 0.025453567504882812
}