{
  "mae": 0.7857110146287533,
  "mse": 1.6076884110834013,
  "mre": 1.002487568723354,
  "inference_time": 0.03822779655456543
}