{
  "mae": 0.19123034277685746,
  "mse": 0.38251252645435996,
  "mre": 0.23788451273424885,
  "inference_time": 9.130173683166504
}