{
  "mae": 0.5090039557468612,
  "mse": 0.5854726321247239,
  "mre": 0.7205227192250676,
  "inference_time": 0.1776289939880371
}