{
  "mae": 0.4812267909451471,
  "mse": 0.6291540360262855,
  "mre": 0.5581535904417745,
  "inference_time": 0.023628950119018555
}