{
  "mae": 0.16674466728422457,
  "mse": 0.07259981209981592,
  "mre": 0.19339973684531955,
  "inference_time": 0.0616607666015625
}