{
  "mae": 0.752590617992744,
  "mse": 1.3879477754717695,
  "mre": 0.9361989831209836,
  "inference_time": 4.416382551193237
}