{
  "mae": 0.6318164264253862,
  "mse": 1.2015257315890253,
  "mre": 0.7859596994660957,
  "inference_time": 2.7058167457580566
}