{
  "mae": 0.3606749345726991,
  "mse": 0.5782308469646771,
  "mre": 0.44866823862989447,
  "inference_time": 3.1247591972351074
}