{
  "mae": 0.5384942430273866,
  "mse": 1.040501644736842,
  "mre": 0.6698698478109433,
  "inference_time": 2.7173969745635986
}