{
  "mae": 0.32456438880980576,
  "mse": 0.5774223060643471,
  "mre": 0.40374785905709143,
  "inference_time": 4.870450019836426
}