{
  "mae": 0.663514959704341,
  "mse": 1.2650604828550553,
  "mre": 0.8253916747162447,
  "inference_time": 2.267683982849121
}