{
  "mae": 0.2746591146816047,
  "mse": 0.2615055956516741,
  "mre": 0.38879488054265454,
  "inference_time": 0.45851826667785645
}