{
  "mae": 0.12647722150895974,
  "mse": 0.0713963447799902,
  "mre": 0.16137210746537772,
  "inference_time": 0.06340599060058594
}