{
  "mae": 0.4973158256086722,
  "mse": 0.5906471777214575,
  "mre": 0.5601065419088906,
  "inference_time": 0.04125666618347168
}