{
  "mae": 0.6636296085973141,
  "mse": 0.7538501513246575,
  "mre": 0.7697145207451294,
  "inference_time": 0.04861187934875488
}