{
  "mae": 0.18833061987213545,
  "mse": 0.08953999820362722,
  "mre": 0.21843632492967185,
  "inference_time": 0.07867121696472168
}