trial_id,completed,failed,fail_reason,n_steps,n_features,epochs,patience,patch_size,patch_stride,transformer_backbone,transformer_type,d_model,revin_affine,add_positional_embedding,value_embedding_bias,orth_gain,n_layers,d_ffn,dropout,head_dropout,finetuning_mode,mask_ratio,batch_size,lr,mae,mse,mre,inference_time
8,True,False,,48,7,1000,10,12,12,t5-base,encoder_only,768,True,True,True,1.41,2,2048,0.1,0.2,end-to-end,0.5,8,0.0006201447672634837,0.5478700932898691,0.6296187740596483,0.6354501981587861,2.4935693740844727
13,True,False,,48,7,1000,10,16,16,t5-base,encoder_only,768,True,True,True,1.41,4,4096,0.2,0.2,end-to-end,0.3,8,0.00021982525853038424,0.6942895092641795,0.829823858260317,0.8052755783624508,1.8724892139434814
18,True,False,,48,7,1000,10,8,8,t5-base,encoder_only,768,True,True,True,1.41,4,2048,0.1,0.2,end-to-end,0.3,32,0.00032132548903342494,0.7213708916327507,1.0674454931498856,0.8366860714762215,3.72554874420166
25,True,False,,48,7,1000,10,12,12,t5-base,encoder_only,768,True,True,True,1.41,2,2048,0.1,0.1,end-to-end,0.1,16,0.0004401331814777494,0.7626599217291836,0.9710589566699499,0.8845753844318035,2.5214879512786865
23,True,False,,48,7,1000,10,12,12,t5-base,encoder_only,768,True,True,True,1.41,2,4096,0.1,0.2,end-to-end,0.5,16,0.0004872372554189046,0.8005692091585439,1.303412014594566,0.9285446839137155,2.4706170558929443
14,True,False,,48,7,1000,10,12,12,t5-base,encoder_only,768,True,True,True,1.41,6,2048,0.1,0.2,linear-probing,0.5,16,0.0003461856416604145,0.921056303627903,1.411784022935244,1.0682923156860198,2.4512791633605957
17,True,False,,48,7,1000,10,16,12,t5-base,encoder_only,768,True,True,True,1.41,4,2048,0.0,0.0,end-to-end,0.3,8,0.0005869040666917438,0.9306022932004352,1.5378366325565112,1.0793642851908014,1.8427197933197021
12,True,False,,48,7,1000,10,16,12,t5-base,encoder_only,768,True,True,True,1.41,4,4096,0.1,0.2,linear-probing,0.3,8,0.00045046360232959783,0.9394600107579839,1.5774762198322785,1.0896379585416862,1.870483160018921
16,True,False,,48,7,1000,10,16,16,t5-base,encoder_only,768,True,True,True,1.41,2,2048,0.0,0.1,linear-probing,0.3,8,0.00041698774519505276,0.9496845512754041,1.5628064162302981,1.101496949162734,1.8641297817230225
