{
  "mae": 0.2186618070059854,
  "mse": 0.20294983431232674,
  "mre": 0.3095276529697011,
  "inference_time": 1.129814863204956
}