{
  "mae": 0.24987117909246453,
  "mse": 0.24136293329415015,
  "mre": 0.3537062126590096,
  "inference_time": 0.4430713653564453
}