{
  "mae": 0.24611952425817274,
  "mse": 0.22938477459983356,
  "mre": 0.3483955416666173,
  "inference_time": 0.348996639251709
}