{
  "mae": 0.21473082217620854,
  "mse": 0.20768445889928738,
  "mre": 0.3039631306377923,
  "inference_time": 0.8498134613037109
}