{
  "mae": 0.40013439759643243,
  "mse": 0.7788450447677056,
  "mre": 0.4977545656104886,
  "inference_time": 0.9534227848052979
}