{
  "mae": 0.14371358980518556,
  "mse": 0.12466822333514367,
  "mre": 0.18336396531793453,
  "inference_time": 0.017380237579345703
}