{
  "mae": 0.1606817147409116,
  "mse": 0.09884148946469427,
  "mre": 0.20501357184743885,
  "inference_time": 0.18727946281433105
}