{
  "mae": 0.8824289227758189,
  "mse": 1.3144839083886348,
  "mre": 1.0234901315233136,
  "inference_time": 0.04270029067993164
}