{
  "mae": 0.14104229116184822,
  "mse": 0.11683871333170502,
  "mre": 0.17995565916919284,
  "inference_time": 0.01799798011779785
}