{
  "mae": 0.3751588787393715,
  "mse": 0.2865340344790153,
  "mre": 0.4351301280280521,
  "inference_time": 0.03727436065673828
}