{
  "mae": 0.3403204368486882,
  "mse": 0.23465189860599847,
  "mre": 0.394722565954272,
  "inference_time": 0.06053590774536133
}