{
  "mae": 0.26130782544835685,
  "mse": 0.24992130376788138,
  "mre": 0.36989540615765715,
  "inference_time": 0.6193587779998779
}