{
  "mae": 0.6608167486761392,
  "mse": 0.8200081616985644,
  "mre": 0.9354219653695411,
  "inference_time": 17.006619691848755
}