{
  "mae": 0.19026504824162505,
  "mse": 0.12978298700380497,
  "mre": 0.24275890508535353,
  "inference_time": 0.022856473922729492
}