{
  "mae": 0.4817280134954228,
  "mse": 0.5249410883383654,
  "mre": 0.6819121429052912,
  "inference_time": 0.21388030052185059
}