{
  "mae": 0.20055181957575965,
  "mse": 0.18091632524472304,
  "mre": 0.2558837820347269,
  "inference_time": 0.12256622314453125
}