{
  "mae": 0.2677068026023304,
  "mse": 0.19996075371101843,
  "mre": 0.31050123532131024,
  "inference_time": 0.016471385955810547
}