{
  "mae": 0.24168793101801625,
  "mse": 0.22698352645756434,
  "mre": 0.34212238096551467,
  "inference_time": 0.35993051528930664
}