{
  "mae": 0.7210883224025298,
  "mse": 1.0222210498431663,
  "mre": 0.8363583319709326,
  "inference_time": 0.04284787178039551
}