{
  "mae": 0.5239610749927527,
  "mse": 0.6087926669131439,
  "mre": 0.7416953331294337,
  "inference_time": 0.30776095390319824
}