{
  "mae": 0.6128436237951562,
  "mse": 0.7465049643545337,
  "mre": 0.8675134039552173,
  "inference_time": 0.1596074104309082
}