{
  "mae": 0.21339532426996863,
  "mse": 0.20449235360608942,
  "mre": 0.30207266088395424,
  "inference_time": 0.6403045654296875
}