{
  "mae": 0.3738405345535435,
  "mse": 0.25980739522306606,
  "mre": 0.43360103913565545,
  "inference_time": 0.034216880798339844
}