{
  "mae": 0.4766619148679267,
  "mse": 0.5323567528705775,
  "mre": 0.674740805398513,
  "inference_time": 0.1174170970916748
}