{
  "mae": 0.46881919163147967,
  "mse": 0.5137719154673609,
  "mre": 0.6636390050909635,
  "inference_time": 0.1934218406677246
}