{
  "mae": 0.738769783145405,
  "mse": 1.1232682756387986,
  "mre": 0.9817443742389071,
  "inference_time": 0.3085746765136719
}