{
  "mae": 0.1682574053646261,
  "mse": 0.11736339975511616,
  "mre": 0.21467938476512624,
  "inference_time": 0.09073519706726074
}