{
  "mae": 0.862289903372563,
  "mse": 1.3195546615771458,
  "mre": 1.0001317770023053,
  "inference_time": 0.05892443656921387
}