{
  "mae": 0.47706655807938086,
  "mse": 0.5120923067717092,
  "mre": 0.6753135998213091,
  "inference_time": 0.4158134460449219
}