{
  "mae": 0.1677797067219315,
  "mse": 0.12470446531294987,
  "mre": 0.2140698897447164,
  "inference_time": 0.07095527648925781
}