{
  "mae": 0.23197644657586924,
  "mse": 0.22240425896863938,
  "mre": 0.32837524776750154,
  "inference_time": 0.32528090476989746
}