{
  "mae": 0.2165686474816546,
  "mse": 0.2685331273096238,
  "mre": 0.2877960849947168,
  "inference_time": 0.15132665634155273
}