{
  "mae": 0.23461330333454408,
  "mse": 0.3229639818770201,
  "mre": 0.31177546229575714,
  "inference_time": 0.13000822067260742
}