{
  "mae": 0.6497036394012613,
  "mse": 0.9000798991661666,
  "mre": 0.8633851944905432,
  "inference_time": 0.22241663932800293
}