{
  "mae": 0.4403007314295156,
  "mse": 0.3304691955490459,
  "mre": 0.5106852709485499,
  "inference_time": 0.025261878967285156
}