{
  "mae": 0.5427614297339002,
  "mse": 0.6527513686267746,
  "mre": 0.7683082554211894,
  "inference_time": 0.31697678565979004
}