{
  "mae": 0.6040170195310125,
  "mse": 0.7034420627050159,
  "mre": 0.8550188666650449,
  "inference_time": 0.1270902156829834
}