{
  "mae": 0.1736625761153347,
  "mse": 0.3529089855855232,
  "mre": 0.2160307653036864,
  "inference_time": 1.3416557312011719
}