{
  "mae": 0.8616681599310448,
  "mse": 1.2956787008113848,
  "mre": 0.9994106443871918,
  "inference_time": 0.04028153419494629
}