{
  "mae": 0.8752430267523845,
  "mse": 1.3816288584547383,
  "mre": 1.0151555297482469,
  "inference_time": 0.04192042350769043
}