{
  "mae": 0.2362827366432993,
  "mse": 0.23537158847860612,
  "mre": 0.334471035028337,
  "inference_time": 0.40485572814941406
}