{
  "mae": 0.6801949847729964,
  "mse": 1.2445833517044167,
  "mre": 0.8461410996152118,
  "inference_time": 12.937397718429565
}