{
  "mae": 0.22072695155832212,
  "mse": 0.1968052376449377,
  "mre": 0.2816252043048834,
  "inference_time": 0.12317061424255371
}