{
  "mae": 0.2671212275201819,
  "mse": 0.20540926143594448,
  "mre": 0.3408195951760116,
  "inference_time": 0.04675149917602539
}