{
  "mae": 0.5672729408776881,
  "mse": 0.6708883595219413,
  "mre": 0.803005629502936,
  "inference_time": 0.5636563301086426
}