{
  "mae": 0.21334621639530232,
  "mse": 0.16796359899600455,
  "mre": 0.2835138259438262,
  "inference_time": 0.053398847579956055
}