{
  "mae": 0.33778419953468464,
  "mse": 0.2166207818656677,
  "mre": 0.39178089689165985,
  "inference_time": 0.046540260314941406
}