{
  "mae": 0.9084834158544169,
  "mse": 1.3717499222314387,
  "mre": 1.0537095813390607,
  "inference_time": 0.04609513282775879
}