{
  "mae": 0.6589853089810004,
  "mse": 1.0469287290145513,
  "mre": 0.840798420697863,
  "inference_time": 0.9933798313140869
}