{
  "mae": 0.3129811257503984,
  "mse": 0.26585965017289687,
  "mre": 0.39933217425756207,
  "inference_time": 0.1395587921142578
}