{
  "mae": 0.5057981783750826,
  "mse": 0.6857449970548114,
  "mre": 0.5696598700569152,
  "inference_time": 0.01434469223022461
}