{
  "mae": 0.14377080410261556,
  "mse": 0.05759885923242428,
  "mre": 0.16675337288052774,
  "inference_time": 0.015576839447021484
}