{
  "mae": 0.462243093522461,
  "mse": 0.9453614130092465,
  "mre": 0.5750158236952644,
  "inference_time": 9.025971412658691
}