{
  "mae": 0.6989408111039889,
  "mse": 0.9074634312697615,
  "mre": 0.9893886444459639,
  "inference_time": 0.8184912204742432
}