{
  "mae": 0.09764022040969615,
  "mse": 0.21568553107914892,
  "mre": 0.12146135345544207,
  "inference_time": 15.319173574447632
}