{
  "mae": 0.784312855113636,
  "mse": 1.5718078738816326,
  "mre": 1.0007036589818576,
  "inference_time": 0.02731490135192871
}