{
  "mae": 0.8129880803938705,
  "mse": 1.5854644838158158,
  "mre": 1.0372903382297733,
  "inference_time": 0.046285390853881836
}