{
  "mae": 0.7852461042805674,
  "mse": 1.4421271509914086,
  "mre": 0.9768213777204819,
  "inference_time": 2.452666759490967
}