{
  "mae": 0.8610380118143401,
  "mse": 1.303924902303245,
  "mre": 0.9986797635624605,
  "inference_time": 0.024976015090942383
}