{
  "mae": 0.3018976869756368,
  "mse": 0.5673330875544834,
  "mre": 0.3755511971528367,
  "inference_time": 12.239155530929565
}