{
  "mae": 0.2141396355137235,
  "mse": 0.2870522718539107,
  "mre": 0.28456819331739036,
  "inference_time": 0.10207247734069824
}