{
  "mae": 0.8256543691832062,
  "mse": 1.7240489863996291,
  "mre": 1.0534512381239522,
  "inference_time": 0.03054070472717285
}