{
  "mae": 0.1551722284137147,
  "mse": 0.30570635699843796,
  "mre": 0.19302935616842534,
  "inference_time": 11.99123239517212
}