{
  "mae": 0.17520102362868098,
  "mse": 0.0806509466499572,
  "mre": 0.20320788914382992,
  "inference_time": 0.050453901290893555
}