{
  "mae": 0.4298249612998346,
  "mse": 0.44873807644868635,
  "mre": 0.6084405561291673,
  "inference_time": 0.19066095352172852
}