{
  "mae": 0.10014134245809334,
  "mse": 0.044926045903057175,
  "mre": 0.1277701967522258,
  "inference_time": 0.1602954864501953
}