{
  "mae": 0.4671159356624403,
  "mse": 0.6422424652873484,
  "mre": 0.6122072966634337,
  "inference_time": 0.11803221702575684
}