{
  "mae": 0.33183704960664884,
  "mse": 0.5587036812501575,
  "mre": 0.41279481962211667,
  "inference_time": 0.197983980178833
}