{
  "mae": 0.14215392940871163,
  "mse": 0.08346693195074684,
  "mre": 0.18137399683106786,
  "inference_time": 0.02337360382080078
}