{
  "mae": 0.21347684726003527,
  "mse": 0.20537174356810076,
  "mre": 0.302188061100041,
  "inference_time": 1.2721896171569824
}