{
  "mae": 0.4981425850633645,
  "mse": 1.0893773541231009,
  "mre": 0.6196736584750733,
  "inference_time": 13.89464545249939
}