{
  "mae": 0.12362114768225164,
  "mse": 0.32370779604475824,
  "mre": 0.15378080723494852,
  "inference_time": 16.261430025100708
}