{
  "mae": 0.2324073810007899,
  "mse": 0.21838343875973068,
  "mre": 0.3289852588295883,
  "inference_time": 0.9112060070037842
}