{
  "mae": 0.37503245419755793,
  "mse": 0.27133959687532394,
  "mre": 0.4349834938147021,
  "inference_time": 0.7481746673583984
}