{
  "mae": 0.7781008795948255,
  "mse": 1.0402357116471377,
  "mre": 0.9024846659488223,
  "inference_time": 1.3776376247406006
}