{
  "mae": 0.13061039915523895,
  "mse": 0.051858453422302705,
  "mre": 0.15148920344677894,
  "inference_time": 0.06083321571350098
}