{
  "mae": 0.35729059041257444,
  "mse": 0.35720364481566214,
  "mre": 0.4558665573495522,
  "inference_time": 0.02293872833251953
}