{
  "mae": 0.23141966029447375,
  "mse": 0.3458661681564069,
  "mre": 0.30753145941495824,
  "inference_time": 4.033293962478638
}