{
  "mae": 0.2378596490622006,
  "mse": 0.3494332949712054,
  "mre": 0.3160895012936597,
  "inference_time": 1.5706427097320557
}