{
  "mae": 0.17112779009249016,
  "mse": 0.11327650477394843,
  "mre": 0.2183417045666333,
  "inference_time": 0.04746103286743164
}