{
  "mae": 0.7210157014939516,
  "mse": 1.17747402824716,
  "mre": 0.9581511383232714,
  "inference_time": 2.186443567276001
}