{
  "mae": 0.7841101410652763,
  "mse": 1.591171810726038,
  "mre": 1.0004450164151855,
  "inference_time": 0.044779300689697266
}