{
  "mae": 0.47723436770919725,
  "mse": 0.3930436984378239,
  "mre": 0.5535229559766154,
  "inference_time": 0.08519887924194336
}