{
  "mae": 0.3865824708638051,
  "mse": 0.39039656968941955,
  "mre": 0.5472284644680818,
  "inference_time": 0.3234879970550537
}