{
  "mae": 0.414771866093477,
  "mse": 0.40944252338949594,
  "mre": 0.5871320830448586,
  "inference_time": 3.705627679824829
}