{
  "mae": 0.6495804188683895,
  "mse": 0.7990007688026683,
  "mre": 0.9195163308144811,
  "inference_time": 4.956077575683594
}