{
  "mae": 0.5571186129979264,
  "mse": 0.6607383312871911,
  "mre": 0.7886316273891539,
  "inference_time": 3.250713348388672
}