{
  "mae": 0.7594585654650928,
  "mse": 1.445416427842584,
  "mre": 0.9447424930798114,
  "inference_time": 7.261141300201416
}