{
  "mae": 0.12664312665663233,
  "mse": 0.04813809040817962,
  "mre": 0.14688774020528078,
  "inference_time": 0.056832313537597656
}