{
  "mae": 0.25590142925204384,
  "mse": 0.19249468936394482,
  "mre": 0.3265042704854105,
  "inference_time": 0.04213380813598633
}