{
  "mae": 0.3393710800701041,
  "mse": 0.5850915116147237,
  "mre": 0.4221669158056985,
  "inference_time": 0.2021021842956543
}