{
  "mae": 0.07387272796513587,
  "mse": 0.143173965587921,
  "mre": 0.09816878917363503,
  "inference_time": 1.6271440982818604
}