{
  "mae": 0.5420859031882078,
  "mse": 0.6369635037112572,
  "mre": 0.7673520109399519,
  "inference_time": 4.472317457199097
}