{
  "mae": 0.14837789594367023,
  "mse": 0.11602301148415,
  "mre": 0.18931514690186624,
  "inference_time": 0.011729955673217773
}