{
  "mae": 0.4441044758445381,
  "mse": 0.4801582550488728,
  "mre": 0.6286539838104257,
  "inference_time": 0.19182920455932617
}