Model,Avg_Rank_Across_Datasets,Valid_Datasets,Total_Datasets,Overall_Rank
HELIX,1.111111111111111,3,5,1.0
ImputeFormer,3.0,5,5,2.0
SAITS,3.733333333333333,5,5,3.0
iTransformer,4.733333333333333,5,5,4.0
PatchTST,5.066666666666667,5,5,5.0
NonstationaryTransformer,5.133333333333334,5,5,6.0
TEFN,5.4,5,5,7.0
FreTS,5.933333333333333,5,5,8.0
TimeMixerPP,7.666666666666667,1,5,9.0
TimeLLM,9.0,1,5,10.0
TimeMixer,9.333333333333332,5,5,11.0
ModernTCN,9.6,5,5,12.0
TOTEM,10.4,5,5,13.0
MOMENT,12.5,2,5,14.0
