{
  "mae": 0.8028175861656295,
  "mse": 1.5276235481595324,
  "mre": 0.998679746771905,
  "inference_time": 14.99241852760315
}