{
  "mae": 0.33345426369060777,
  "mse": 0.4351504430398071,
  "mre": 0.4431243059920858,
  "inference_time": 4.456908941268921
}