{
  "mae": 0.23845589062648054,
  "mse": 0.3507733785256309,
  "mre": 0.3168818412279312,
  "inference_time": 1.5361859798431396
}