{
  "mae": 0.276875728290229,
  "mse": 0.25925364269080525,
  "mre": 0.39193261738482466,
  "inference_time": 0.37693357467651367
}