{
  "mae": 0.3990656482090547,
  "mse": 0.29182692930837817,
  "mre": 0.4628585285794014,
  "inference_time": 0.8748586177825928
}