{
  "mae": 0.4429446093425963,
  "mse": 0.3760916964239422,
  "mre": 0.5137517875632575,
  "inference_time": 0.8913075923919678
}