{
  "mae": 0.7867160767057235,
  "mse": 1.0488592121720755,
  "mre": 0.9124770506004893,
  "inference_time": 0.025139570236206055
}