{
  "mae": 0.8021230608009372,
  "mse": 1.5169256726965812,
  "mre": 0.9978157791318208,
  "inference_time": 8.388753175735474
}