{
  "mae": 0.26243392732120485,
  "mse": 0.36662712011623133,
  "mre": 0.3487460337915657,
  "inference_time": 0.3594346046447754
}