{
  "mae": 0.29869162497407703,
  "mse": 0.18065846782163775,
  "mre": 0.34643915519901364,
  "inference_time": 0.03870391845703125
}