{
  "mae": 0.8754791677467852,
  "mse": 1.303498086569369,
  "mre": 1.0154294192040194,
  "inference_time": 0.04862833023071289
}