{
  "mae": 0.3255027379899561,
  "mse": 0.4685874709158481,
  "mre": 0.43255759657688164,
  "inference_time": 5.036614894866943
}