{
  "mae": 0.2280777793789415,
  "mse": 0.33026504167193077,
  "mre": 0.3030904645840226,
  "inference_time": 1.2592802047729492
}