{
  "mae": 0.6856968401582388,
  "mse": 0.9659681699619932,
  "mre": 0.9112162281361889,
  "inference_time": 2.864105463027954
}