{
  "mae": 0.22701274504384994,
  "mse": 0.3099614700788562,
  "mre": 0.30167515024564284,
  "inference_time": 0.21437954902648926
}