{
  "mae": 0.3657155736962467,
  "mse": 0.37822304221116154,
  "mre": 0.5176902392358278,
  "inference_time": 0.15680813789367676
}