{
  "mae": 0.7323160789299138,
  "mse": 1.1682496802059317,
  "mre": 0.9731681060277405,
  "inference_time": 0.9015846252441406
}