{
  "mae": 0.7718598755334736,
  "mse": 1.5145603620873607,
  "mre": 0.9848149200049994,
  "inference_time": 0.06366991996765137
}