{
  "mae": 0.9916366612972848,
  "mse": 1.9681536761841594,
  "mre": 1.3177768443272275,
  "inference_time": 8.520331144332886
}