{
  "mae": 0.18908061220144737,
  "mse": 0.14579304075692226,
  "mre": 0.24124768482228132,
  "inference_time": 0.17899823188781738
}