{
  "mae": 0.40636054635339247,
  "mse": 0.7877202463247336,
  "mre": 0.5054996982173399,
  "inference_time": 17.51397705078125
}