{
  "mae": 0.7230961724729689,
  "mse": 1.1557318151669247,
  "mre": 0.96091585708413,
  "inference_time": 6.124035835266113
}