{
  "mae": 0.46527289474025285,
  "mse": 0.39286752935763153,
  "mre": 0.5396493745172872,
  "inference_time": 0.05432462692260742
}