{
  "mae": 0.11935132265444869,
  "mse": 0.21576422721697566,
  "mre": 0.1586048756286445,
  "inference_time": 1.2908618450164795
}