{
  "mae": 0.17106758346777298,
  "mse": 0.09508663477205236,
  "mre": 0.2182648870195835,
  "inference_time": 0.13465380668640137
}