{
  "mae": 0.13030823813537687,
  "mse": 0.24380602565064274,
  "mre": 0.17316541989808337,
  "inference_time": 0.9349172115325928
}