{
  "mae": 0.14099542891621242,
  "mse": 0.09790870104734416,
  "mre": 0.17989586769647872,
  "inference_time": 0.16672563552856445
}