{
  "mae": 0.46306629848391323,
  "mse": 0.9464078758408707,
  "mre": 0.5760398646936324,
  "inference_time": 37.109437227249146
}