{
  "mae": 0.6822301471044145,
  "mse": 1.115200466579861,
  "mre": 0.7683680044023597,
  "inference_time": 0.05330657958984375
}