{
  "mae": 0.8148896111733976,
  "mse": 1.1496650888829838,
  "mre": 0.9451542824472089,
  "inference_time": 0.07300329208374023
}