{
  "mae": 0.08054114473938757,
  "mse": 0.15323325950433236,
  "mre": 0.10703038693055554,
  "inference_time": 0.33002805709838867
}