{
  "mae": 0.1362978960161434,
  "mse": 0.052554911768124914,
  "mre": 0.15808587855563003,
  "inference_time": 0.04812788963317871
}