{
  "mae": 0.584765318209532,
  "mse": 0.8361114017547122,
  "mre": 0.6585973406531415,
  "inference_time": 0.03423166275024414
}