{
  "mae": 0.15946420593027175,
  "mse": 0.25865564018692816,
  "mre": 0.2119105175065153,
  "inference_time": 0.5116007328033447
}