{
  "mae": 0.861065048540543,
  "mse": 1.3030270197143297,
  "mre": 0.9987111222608701,
  "inference_time": 0.05561709403991699
}