{
  "mae": 0.20984126589533234,
  "mse": 0.19984290825987674,
  "mre": 0.29704169840229705,
  "inference_time": 0.7338137626647949
}