{
  "mae": 0.13301242269998315,
  "mse": 0.22756008805523092,
  "mre": 0.17675898590981534,
  "inference_time": 2.1578524112701416
}