{
  "mae": 0.2159410941712227,
  "mse": 0.3947899132123781,
  "mre": 0.26862390779774564,
  "inference_time": 16.829183340072632
}