{
  "mae": 0.14898990487122818,
  "mse": 0.05621642939829814,
  "mre": 0.17280677615667786,
  "inference_time": 0.01251363754272461
}