{
  "mae": 0.21671664062157683,
  "mse": 0.20903220926252591,
  "mre": 0.30677416440283367,
  "inference_time": 0.605790376663208
}