{
  "mae": 0.36488580881733446,
  "mse": 0.2711968439735845,
  "mre": 0.42321485030508355,
  "inference_time": 0.04117751121520996
}