{
  "mae": 0.28772813123768654,
  "mse": 0.17079783455062728,
  "mre": 0.33372308554558955,
  "inference_time": 0.0383915901184082
}