{
  "mae": 0.7606306119202486,
  "mse": 1.4807004375449913,
  "mre": 0.9704875184940323,
  "inference_time": 0.08214330673217773
}