{
  "mae": 0.21939913074594997,
  "mse": 0.39353783367136125,
  "mre": 0.272925596189091,
  "inference_time": 12.243524312973022
}