{
  "mae": 0.46947444398604216,
  "mse": 0.9808034645763524,
  "mre": 0.5840113955091312,
  "inference_time": 6.474363803863525
}