{
  "mae": 0.5616828808009049,
  "mse": 0.6712050690985281,
  "mre": 0.7950925961331945,
  "inference_time": 2.592937707901001
}