{
  "mae": 0.5601908081726928,
  "mse": 0.6694100993833279,
  "mre": 0.7929804863642572,
  "inference_time": 5.07037615776062
}