{
  "mae": 0.3779634815437319,
  "mse": 0.41014088450611874,
  "mre": 0.482243069811133,
  "inference_time": 0.025730133056640625
}