{
  "mae": 0.17892198707772,
  "mse": 0.13398882647396257,
  "mre": 0.2282863094409405,
  "inference_time": 0.09587717056274414
}