{
  "mae": 0.5913049628491034,
  "mse": 0.6805730679063681,
  "mre": 0.8370242606428717,
  "inference_time": 4.062155246734619
}