{
  "mae": 0.4169203776677264,
  "mse": 0.41191897808179356,
  "mre": 0.5901734177619793,
  "inference_time": 5.538293361663818
}