{
  "mae": 0.42016637604762946,
  "mse": 0.4215301182902742,
  "mre": 0.594768304604963,
  "inference_time": 3.012554883956909
}