{
  "mae": 0.37972398066842816,
  "mse": 0.3920884962081395,
  "mre": 0.5375198994371863,
  "inference_time": 0.40054941177368164
}