{
  "mae": 0.48330186776595974,
  "mse": 0.5219745328921639,
  "mre": 0.6841400190266217,
  "inference_time": 0.221024751663208
}