{
  "mae": 0.4879450099676249,
  "mse": 0.8729164239059233,
  "mre": 0.6069881968088167,
  "inference_time": 12.865840673446655
}