{
  "mae": 0.6330407771125696,
  "mse": 1.2037251439243153,
  "mre": 0.7874827530903646,
  "inference_time": 2.7024781703948975
}