{
  "mae": 0.48253326226150955,
  "mse": 0.5730043250661031,
  "mre": 0.559668908519982,
  "inference_time": 0.05353999137878418
}