{
  "mae": 0.22330961923832388,
  "mse": 0.2167625748352403,
  "mre": 0.31610688338683657,
  "inference_time": 0.5154149532318115
}