{
  "mae": 0.30594684255394267,
  "mse": 0.29514421808263763,
  "mre": 0.4330843570986329,
  "inference_time": 0.17727351188659668
}