{
  "mae": 0.5833351233214568,
  "mse": 0.7303702354739671,
  "mre": 0.8257425203274719,
  "inference_time": 0.6103298664093018
}