{
  "mae": 0.4910641871208124,
  "mse": 0.5718619241726952,
  "mre": 0.6951280032768528,
  "inference_time": 0.11918926239013672
}