{
  "mae": 0.08115673084262447,
  "mse": 0.15329518464817388,
  "mre": 0.10784843364483693,
  "inference_time": 0.8101818561553955
}