{
  "mae": 0.4488250839296062,
  "mse": 0.7416184556952458,
  "mre": 0.5583242431254155,
  "inference_time": 0.3385961055755615
}