{
  "mae": 0.3032188795161372,
  "mse": 0.4951801002588748,
  "mre": 0.3771947189870876,
  "inference_time": 0.2935829162597656
}