{
  "mae": 0.32465423119504566,
  "mse": 0.2865889567693335,
  "mre": 0.41422587293147595,
  "inference_time": 0.14815521240234375
}