{
  "mae": 0.30983986142533926,
  "mse": 0.25975555708652553,
  "mre": 0.3953242395623435,
  "inference_time": 0.3045814037322998
}