{
  "mae": 0.31985359395889024,
  "mse": 0.2605876538156236,
  "mre": 0.4081007466934657,
  "inference_time": 1.2063679695129395
}