{
  "mae": 0.727975828569323,
  "mse": 1.0929316792215449,
  "mre": 0.9674003872180233,
  "inference_time": 0.16010713577270508
}