{
  "mae": 0.1180688199150941,
  "mse": 0.2595201003927213,
  "mre": 0.14687388667908077,
  "inference_time": 8.115824699401855
}