{
  "mae": 0.44045188210227254,
  "mse": 0.5032597945482824,
  "mre": 0.5619719314192927,
  "inference_time": 0.014204978942871094
}