{
  "mae": 0.47714862462230084,
  "mse": 0.6195016887890464,
  "mre": 0.6340784214323744,
  "inference_time": 7.8824303150177
}