{
  "mae": 0.6992909570377092,
  "mse": 0.935932985108093,
  "mre": 0.9898842950149649,
  "inference_time": 0.6901566982269287
}