{
  "mae": 0.13775466418968396,
  "mse": 0.05137158349953661,
  "mre": 0.1597755192859518,
  "inference_time": 0.039626121520996094
}