{
  "mae": 0.6869850367025124,
  "mse": 0.8863121139821781,
  "mre": 0.9724645970295673,
  "inference_time": 7.686631441116333
}