{
  "mae": 0.688449826459164,
  "mse": 0.8939818771321506,
  "mre": 0.9745380864133719,
  "inference_time": 6.12025785446167
}