{
  "mae": 0.6261927868870345,
  "mse": 0.739845967960515,
  "mre": 0.886409868671736,
  "inference_time": 10.736579656600952
}